regime,instance,algorithm,algorithm_family,algorithm_exact,algorithm_kwargs,score_mode,n_g,n_h,dense_cells,posting_hits,truth_score,score,status,skip_reason,explicit_path_score,fit_seconds,diagnostic_fit_seconds,predict_seconds_median,predict_seconds_min,predict_seconds_max,predict_seconds_mean,predict_seconds_q25,predict_seconds_q75,predict_seconds_std,predict_seconds_mad,predict_seconds_sample_count,predict_seconds_samples,setup_plus_warm_search_seconds,timing_repeats,warmup_runs,matched_length,truth_pair_recall,truth_pair_precision,planted_g_node_recall,planted_h_node_recall,diag_algorithm,diag_n_g,diag_n_h,diag_input_preprocessing_seconds,diag_preprocessing_seconds,diag_candidate_generation_seconds,diag_search_seconds,diag_traceback_seconds,diag_total_seconds,diag_node_pair_score_evaluations,diag_candidate_pairs_generated,diag_positive_candidate_pairs,diag_dp_cells_computed,diag_states_generated,diag_states_after_endpoint_pruning,diag_states_retained,diag_peak_frontier_size,diag_layers_processed,diag_restarts,diag_directions,diag_result_score,diag_result_length,diag_extra_used_fitted_inputs,fit_diag_algorithm,fit_diag_n_g,fit_diag_n_h,fit_diag_input_preprocessing_seconds,fit_diag_preprocessing_seconds,fit_diag_candidate_generation_seconds,fit_diag_search_seconds,fit_diag_traceback_seconds,fit_diag_total_seconds,fit_diag_node_pair_score_evaluations,fit_diag_candidate_pairs_generated,fit_diag_positive_candidate_pairs,fit_diag_dp_cells_computed,fit_diag_states_generated,fit_diag_states_after_endpoint_pruning,fit_diag_states_retained,fit_diag_peak_frontier_size,fit_diag_layers_processed,fit_diag_restarts,fit_diag_directions,fit_diag_result_score,fit_diag_result_length,cold_fit_seconds,cold_predict_seconds,cold_setup_plus_predict_seconds,cold_score,cold_explicit_path_score,cold_score_difference_from_warm,execution_mode,thread_count_requested,thread_settings_enforced,timeout_seconds,fresh_process_total_seconds,fresh_process_task_seconds,fresh_process_overhead_seconds,peak_rss_bytes,peak_rss_mib,peak_rss_semantics,isolated_process_exit_code,worker_thread_environment,comparison,algorithm_config_index,execution_order_position,execution_order_cycle,pair_generation_seconds,shared_keys,truth_pair_count,observed_planted_nodes_g,observed_planted_nodes_h,candidate_path_length_g,candidate_path_length_h,shape_g,shape_h,alphabet_size,symbol_distribution,symbols_per_node,weight_mode,planted_length,planted_token_policy,expected_algorithm,regime_notes,tree_g_depth,tree_h_depth,tree_g_max_width,tree_h_max_width,tree_g_max_out_degree,tree_h_max_out_degree,diag_extra_beam_width,diag_extra_child_cap,diag_extra_maximum_product_layer,diag_extra_permanent_state_pool_size,diag_extra_candidate_pairs_after_deduplication,diag_extra_candidate_states_created,diag_extra_candidates_generated_internally,diag_extra_segment_tree_interval_insertions,diag_extra_segment_tree_node_update_attempts,diag_extra_segment_tree_peak_rollback_history,diag_extra_segment_tree_point_queries,diag_extra_segment_tree_successful_node_updates,fit_diag_extra_preprocessed_inputs_reused,diag_extra_stored_score_cells,oracle_score,oracle_valid,oracle_status,exact_method_count,exact_score_spread,exact_agreement_tolerance,score_ratio,score_gap,accuracy_score,accuracy_percent,score_consistent_with_oracle,warm_timing_score,setup_timing_score,warm_accuracy_harmonic_score,setup_accuracy_harmonic_score
sparse_jaccard_size__n800,0,exact_dense,generic,True,"{""method"": ""exact""}",jaccard,800,800,640000,988,3.75,3.75,ok,,3.75,9.890063665807247e-07,6.333022611215711e-06,0.4454422180133406,0.4437313970120158,0.4482626020035241,0.44581207234296016,0.4445868075126782,0.44685241000843234,0.002288132172235932,0.0017108210013248026,3,"[0.4437313970120158, 0.4454422180133406, 0.4482626020035241]",0.4454432070197072,3,1,12,0.9166666666666666,0.9166666666666666,1.0,0.8571428571428571,exact_dense,800,800,0.0,0.00012144801439717412,0.0,0.45040974600124173,0.0008202590106520802,0.4514536309870891,640000,,988,640000.0,,,,,,1,1,3.75,12,True,exact_fit,800,800,5.555019015446305e-06,0.0,0.0,0.0,0.0,5.555019015446305e-06,0,,,,,,,,,1,1,,,2.115993993356824e-06,0.4464034530101344,0.44640556900412776,3.75,3.75,0.0,isolated,1,True,1200.0,2.9280094180139713,2.6809123439888936,0.24709707402507775,144375808,137.6875,resource.ru_maxrss_kib_converted_to_bytes,0,"{""BLIS_NUM_THREADS"": ""1"", ""MKL_DYNAMIC"": ""FALSE"", ""MKL_NUM_THREADS"": ""1"", ""NUMBA_NUM_THREADS"": ""1"", ""NUMEXPR_NUM_THREADS"": ""1"", ""OMP_DYNAMIC"": ""FALSE"", ""OMP_NUM_THREADS"": ""1"", ""OPENBLAS_NUM_THREADS"": ""1"", ""PYTHONHASHSEED"": ""0"", ""VECLIB_MAXIMUM_THREADS"": ""1""}",tree_tree,0,0,0,0.0326591540069785,368,12,12,14,20,15,medium,medium,1000,uniform,"{""kind"": ""categorical"", ""probs"": [0.8, 0.2], ""values"": [1, 2]}",inverse_sqrt,14,tail,sparse_chain,Generic score with an exact token blocking rule and very few positive node pairs.,19,19,104,100,10,14,,,,,,,,,,,,,,,3.75,True,exact_agreement,3,0.0,1e-05,1.0,0.0,1.0,100.0,True,0.009359505743978914,0.013547289353466838,0.018545435379003456,0.026732426786141447
sparse_jaccard_size__n800,0,beam_local,generic,False,"{""beam_local_child_cap"": null, ""beam_width"": 200, ""method"": ""beam_local""}",jaccard,800,800,640000,988,3.75,3.75,ok,,3.75,9.319919627159834e-07,5.704991053789854e-06,0.018995868013007566,0.01896328097791411,0.019403482001507655,0.019120876997476444,0.018979574495460838,0.01919967500725761,0.00024528487507723785,3.258703509345651e-05,3,"[0.018995868013007566, 0.01896328097791411, 0.019403482001507655]",0.018996800004970282,3,1,12,0.9166666666666666,0.9166666666666666,1.0,0.8571428571428571,beam_local,800,800,0.0,0.00020066098659299314,0.017783839051844552,0.0027171079418621957,2.2300228010863066e-06,0.020780347025720403,9702,9702.0,52,,24674.0,10612.0,5832.0,200.0,37.0,1,1,3.75,12,True,beam_local_fit,800,800,4.9209920689463615e-06,0.0,0.0,0.0,0.0,4.9209920689463615e-06,0,,,,,,,,,1,1,,,1.8849968910217285e-06,0.019339089980348945,0.019340974977239966,3.75,3.75,0.0,isolated,1,True,1200.0,0.3393965130089782,0.11694914498366416,0.22244736802531406,144375808,137.6875,resource.ru_maxrss_kib_converted_to_bytes,0,"{""BLIS_NUM_THREADS"": ""1"", ""MKL_DYNAMIC"": ""FALSE"", ""MKL_NUM_THREADS"": ""1"", ""NUMBA_NUM_THREADS"": ""1"", ""NUMEXPR_NUM_THREADS"": ""1"", ""OMP_DYNAMIC"": ""FALSE"", ""OMP_NUM_THREADS"": ""1"", ""OPENBLAS_NUM_THREADS"": ""1"", ""PYTHONHASHSEED"": ""0"", ""VECLIB_MAXIMUM_THREADS"": ""1""}",tree_tree,3,1,0,0.0326591540069785,368,12,12,14,20,15,medium,medium,1000,uniform,"{""kind"": ""categorical"", ""probs"": [0.8, 0.2], ""values"": [1, 2]}",inverse_sqrt,14,tail,sparse_chain,Generic score with an exact token blocking rule and very few positive node pairs.,19,19,104,100,10,14,200.0,,40.0,5833.0,,,,,,,,,,,3.75,True,exact_agreement,3,0.0,1e-05,1.0,0.0,1.0,100.0,True,0.2194750455863208,0.3176612910834108,0.3599500397825651,0.482159251748562
sparse_jaccard_size__n800,0,sparse_chain,generic_sparse,True,"{""method"": ""sparse_chain""}",jaccard,800,800,640000,988,3.75,3.75,ok,,3.75,0.001865429017925635,0.0014292339910753071,0.004169118998106569,0.004166690981946886,0.004169537016423419,0.004168448998825625,0.004167904990026727,0.004169328007264994,1.536766845606044e-06,4.180183168500662e-07,3,"[0.004166690981946886, 0.004169537016423419, 0.004169118998106569]",0.006034548016032204,3,1,12,0.9166666666666666,0.9166666666666666,1.0,0.8571428571428571,sparse_chain,800,800,0.0,0.0006042339955456555,0.0016300120041705668,0.0021609299874398857,1.4500110410153866e-06,0.004497349000303075,988,988.0,988,,,,,,,1,1,3.75,12,True,sparse_chain_fit,800,800,0.0014277200098149478,0.0,0.0,0.0,0.0,0.0014277200098149478,0,,,,,,,,,1,1,,,0.0016996600024867803,0.0045197129948064685,0.006219372997293249,3.75,3.75,0.0,isolated,1,True,1200.0,0.2584105819987599,0.03144860899192281,0.22696197300683707,144375808,137.6875,resource.ru_maxrss_kib_converted_to_bytes,0,"{""BLIS_NUM_THREADS"": ""1"", ""MKL_DYNAMIC"": ""FALSE"", ""MKL_NUM_THREADS"": ""1"", ""NUMBA_NUM_THREADS"": ""1"", ""NUMEXPR_NUM_THREADS"": ""1"", ""OMP_DYNAMIC"": ""FALSE"", ""OMP_NUM_THREADS"": ""1"", ""OPENBLAS_NUM_THREADS"": ""1"", ""PYTHONHASHSEED"": ""0"", ""VECLIB_MAXIMUM_THREADS"": ""1""}",tree_tree,2,2,0,0.0326591540069785,368,12,12,14,20,15,medium,medium,1000,uniform,"{""kind"": ""categorical"", ""probs"": [0.8, 0.2], ""values"": [1, 2]}",inverse_sqrt,14,tail,sparse_chain,Generic score with an exact token blocking rule and very few positive node pairs.,19,19,104,100,10,14,,,,,988.0,988.0,True,694.0,2066.0,115.0,988.0,1859.0,False,,3.75,True,exact_agreement,3,0.0,1e-05,1.0,0.0,1.0,100.0,True,1.0,1.0,1.0,1.0
sparse_jaccard_size__n800,0,sparse_closure,generic_sparse,True,"{""method"": ""sparse""}",jaccard,800,800,640000,988,3.75,3.75,ok,,3.75,0.0015116700087673962,0.0014723689819220454,0.04024355800356716,0.04016822099220008,0.04029211899614893,0.04023463266397206,0.04020588949788362,0.040267838499858044,6.242936096736386e-05,4.8560992581769824e-05,3,"[0.04024355800356716, 0.04029211899614893, 0.04016822099220008]",0.041755228012334555,3,1,12,0.9166666666666666,0.9166666666666666,1.0,0.8571428571428571,sparse_closure,800,800,0.0,0.00017158500850200653,0.0003640220093075186,0.041366001998540014,5.4349948186427355e-06,0.04231956900912337,988,988.0,988,60929.0,,,,,,1,1,3.75,12,True,sparse_fit,800,800,0.0014708499948028475,0.0,0.0,0.0,0.0,0.0014708499948028475,0,,,,,,,,,1,1,,,0.0017108619795180857,0.041611468011979014,0.0433223299914971,3.75,3.75,0.0,isolated,1,True,1200.0,0.479242597008124,0.2513420360046439,0.2279005610034801,144683008,137.98046875,resource.ru_maxrss_kib_converted_to_bytes,0,"{""BLIS_NUM_THREADS"": ""1"", ""MKL_DYNAMIC"": ""FALSE"", ""MKL_NUM_THREADS"": ""1"", ""NUMBA_NUM_THREADS"": ""1"", ""NUMEXPR_NUM_THREADS"": ""1"", ""OMP_DYNAMIC"": ""FALSE"", ""OMP_NUM_THREADS"": ""1"", ""OPENBLAS_NUM_THREADS"": ""1"", ""PYTHONHASHSEED"": ""0"", ""VECLIB_MAXIMUM_THREADS"": ""1""}",tree_tree,1,3,0,0.0326591540069785,368,12,12,14,20,15,medium,medium,1000,uniform,"{""kind"": ""categorical"", ""probs"": [0.8, 0.2], ""values"": [1, 2]}",inverse_sqrt,14,tail,sparse_chain,Generic score with an exact token blocking rule and very few positive node pairs.,19,19,104,100,10,14,,,,,,,True,,,,,,False,62320.0,3.75,True,exact_agreement,3,0.0,1e-05,1.0,0.0,1.0,100.0,True,0.10359717691306075,0.14452197493088983,0.18774454860937348,0.25254556591561567
sparse_jaccard_size__n800,1,beam_local,generic,False,"{""beam_local_child_cap"": null, ""beam_width"": 200, ""method"": ""beam_local""}",jaccard,800,800,640000,940,3.15,3.2,ok,,3.1999999999999997,9.8699820227921e-07,5.569017957895994e-06,0.022609145002206787,0.022563237987924367,0.023017611994873732,0.02272999832833496,0.022586191495065577,0.02281337849854026,0.0002501361216917454,4.590701428242028e-05,3,"[0.022609145002206787, 0.022563237987924367, 0.023017611994873732]",0.022610132000409067,3,1,11,0.9090909090909091,0.9090909090909091,0.9166666666666666,0.8461538461538461,beam_local,800,800,0.0,0.00019617500947788358,0.020808357978239655,0.0034441260213498026,2.162996679544449e-06,0.02454365897574462,11036,11036.0,55,,28683.0,12274.0,7060.0,200.0,41.0,1,1,3.2,11,True,beam_local_fit,800,800,4.7670037019997835e-06,0.0,0.0,0.0,0.0,4.7670037019997835e-06,0,,,,,,,,,1,1,,,1.901003997772932e-06,0.022985605988651514,0.022987506992649287,3.2,3.1999999999999997,0.0,isolated,1,True,1200.0,0.36474585699033923,0.13866817697999068,0.22607768001034856,144375808,137.6875,resource.ru_maxrss_kib_converted_to_bytes,0,"{""BLIS_NUM_THREADS"": ""1"", ""MKL_DYNAMIC"": ""FALSE"", ""MKL_NUM_THREADS"": ""1"", ""NUMBA_NUM_THREADS"": ""1"", ""NUMEXPR_NUM_THREADS"": ""1"", ""OMP_DYNAMIC"": ""FALSE"", ""OMP_NUM_THREADS"": ""1"", ""OPENBLAS_NUM_THREADS"": ""1"", ""PYTHONHASHSEED"": ""0"", ""VECLIB_MAXIMUM_THREADS"": ""1""}",tree_tree,3,0,0,0.036300895997555926,366,11,12,13,18,18,medium,medium,1000,uniform,"{""kind"": ""categorical"", ""probs"": [0.8, 0.2], ""values"": [1, 2]}",inverse_sqrt,14,tail,sparse_chain,Generic score with an exact token blocking rule and very few positive node pairs.,19,19,119,91,10,15,200.0,,40.0,7061.0,,,,,,,,,,,3.200000047683716,True,exact_agreement,3,4.7683715642676816e-08,1e-05,1.0,4.7683715642676816e-08,1.0,100.0,True,0.1783705663430961,0.2610977239135369,0.30274104163454035,0.4140800811269059
sparse_jaccard_size__n800,1,sparse_chain,generic_sparse,True,"{""method"": ""sparse_chain""}",jaccard,800,800,640000,940,3.15,3.2,ok,,3.1999999999999997,0.0018706480041146278,0.001434600999346003,0.004032805998576805,0.004016252001747489,0.004053781012771651,0.004034279671031982,0.004024529000162147,0.004043293505674228,1.8807856071115107e-05,1.655399682931602e-05,3,"[0.004053781012771651, 0.004032805998576805, 0.004016252001747489]",0.005903454002691433,3,1,11,0.8181818181818182,0.8181818181818182,0.9166666666666666,0.8461538461538461,sparse_chain,800,800,0.0,0.0005906670121476054,0.0015850109921302646,0.0020702279871329665,1.2420059647411108e-06,0.004345829976955429,940,940.0,940,,,,,,,1,1,3.2,11,True,sparse_chain_fit,800,800,0.0014331309939734638,0.0,0.0,0.0,0.0,0.0014331309939734638,0,,,,,,,,,1,1,,,0.0017031600000336766,0.004405359999509528,0.006108519999543205,3.2,3.1999999999999997,0.0,isolated,1,True,1200.0,0.2579850229958538,0.03068288101349026,0.22730214198236354,144375808,137.6875,resource.ru_maxrss_kib_converted_to_bytes,0,"{""BLIS_NUM_THREADS"": ""1"", ""MKL_DYNAMIC"": ""FALSE"", ""MKL_NUM_THREADS"": ""1"", ""NUMBA_NUM_THREADS"": ""1"", ""NUMEXPR_NUM_THREADS"": ""1"", ""OMP_DYNAMIC"": ""FALSE"", ""OMP_NUM_THREADS"": ""1"", ""OPENBLAS_NUM_THREADS"": ""1"", ""PYTHONHASHSEED"": ""0"", ""VECLIB_MAXIMUM_THREADS"": ""1""}",tree_tree,2,1,0,0.036300895997555926,366,11,12,13,18,18,medium,medium,1000,uniform,"{""kind"": ""categorical"", ""probs"": [0.8, 0.2], ""values"": [1, 2]}",inverse_sqrt,14,tail,sparse_chain,Generic score with an exact token blocking rule and very few positive node pairs.,19,19,119,91,10,15,,,,,940.0,940.0,True,644.0,2007.0,166.0,940.0,1840.0,False,,3.200000047683716,True,exact_agreement,3,4.7683715642676816e-08,1e-05,1.0,4.7683715642676816e-08,1.0,100.0,True,1.0,1.0,1.0,1.0
sparse_jaccard_size__n800,1,sparse_closure,generic_sparse,True,"{""method"": ""sparse""}",jaccard,800,800,640000,940,3.15,3.2,ok,,3.1999999999999997,0.0014874550106469542,0.0014607119956053793,0.037743397988379,0.03773428301792592,0.037808963999850675,0.03776221500205187,0.03773884050315246,0.03777618099411484,4.074153001526859e-05,9.114970453083515e-06,3,"[0.03773428301792592, 0.037743397988379, 0.037808963999850675]",0.039230852999025956,3,1,11,0.9090909090909091,0.9090909090909091,0.9166666666666666,0.8461538461538461,sparse_closure,800,800,0.0,0.00016613199841231108,0.0003632720035966486,0.03971808499773033,5.6610151659697294e-06,0.04061614497913979,940,940.0,940,57467.0,,,,,,1,1,3.2,11,True,sparse_fit,800,800,0.0014591870130971074,0.0,0.0,0.0,0.0,0.0014591870130971074,0,,,,,,,,,1,1,,,0.0017319839971605688,0.03928150300635025,0.04101348700351082,3.2,3.1999999999999997,0.0,isolated,1,True,1200.0,0.4674687260121573,0.23689244498382322,0.23057628102833405,144408576,137.71875,resource.ru_maxrss_kib_converted_to_bytes,0,"{""BLIS_NUM_THREADS"": ""1"", ""MKL_DYNAMIC"": ""FALSE"", ""MKL_NUM_THREADS"": ""1"", ""NUMBA_NUM_THREADS"": ""1"", ""NUMEXPR_NUM_THREADS"": ""1"", ""OMP_DYNAMIC"": ""FALSE"", ""OMP_NUM_THREADS"": ""1"", ""OPENBLAS_NUM_THREADS"": ""1"", ""PYTHONHASHSEED"": ""0"", ""VECLIB_MAXIMUM_THREADS"": ""1""}",tree_tree,1,2,0,0.036300895997555926,366,11,12,13,18,18,medium,medium,1000,uniform,"{""kind"": ""categorical"", ""probs"": [0.8, 0.2], ""values"": [1, 2]}",inverse_sqrt,14,tail,sparse_chain,Generic score with an exact token blocking rule and very few positive node pairs.,19,19,119,91,10,15,,,,,,,True,,,,,,False,58830.0,3.200000047683716,True,exact_agreement,3,4.7683715642676816e-08,1e-05,1.0,4.7683715642676816e-08,1.0,100.0,True,0.1068479843764593,0.15047987875354144,0.19306713457431446,0.2615949770743928
sparse_jaccard_size__n800,1,exact_dense,generic,True,"{""method"": ""exact""}",jaccard,800,800,640000,940,3.15,3.200000047683716,ok,,3.1999999999999997,2.0659936126321554e-06,6.092013791203499e-06,0.46600106699042954,0.4641991199750919,0.46648944000480697,0.46556320899010945,0.4651000934827607,0.46624525349761825,0.0012063089077685432,0.0004883730143774301,3,"[0.46600106699042954, 0.4641991199750919, 0.46648944000480697]",0.46600313298404217,3,1,11,0.9090909090909091,0.9090909090909091,0.9166666666666666,0.8461538461538461,exact_dense,800,800,0.0,0.00011585699394345284,0.0,0.48189207701943815,0.0010881099733524024,0.4832481680205092,640000,,940,640000.0,,,,,,1,1,3.200000047683716,11,True,exact_fit,800,800,5.242996849119663e-06,0.0,0.0,0.0,0.0,5.242996849119663e-06,0,,,,,,,,,1,1,,,2.155982656404376e-06,0.4604317329940386,0.460433888976695,3.200000047683716,3.1999999999999997,0.0,isolated,1,True,1200.0,3.0354507229931187,2.8062594039947726,0.2291913189983461,144375808,137.6875,resource.ru_maxrss_kib_converted_to_bytes,0,"{""BLIS_NUM_THREADS"": ""1"", ""MKL_DYNAMIC"": ""FALSE"", ""MKL_NUM_THREADS"": ""1"", ""NUMBA_NUM_THREADS"": ""1"", ""NUMEXPR_NUM_THREADS"": ""1"", ""OMP_DYNAMIC"": ""FALSE"", ""OMP_NUM_THREADS"": ""1"", ""OPENBLAS_NUM_THREADS"": ""1"", ""PYTHONHASHSEED"": ""0"", ""VECLIB_MAXIMUM_THREADS"": ""1""}",tree_tree,0,3,0,0.036300895997555926,366,11,12,13,18,18,medium,medium,1000,uniform,"{""kind"": ""categorical"", ""probs"": [0.8, 0.2], ""values"": [1, 2]}",inverse_sqrt,14,tail,sparse_chain,Generic score with an exact token blocking rule and very few positive node pairs.,19,19,119,91,10,15,,,,,,,,,,,,,,,3.200000047683716,True,exact_agreement,3,4.7683715642676816e-08,1e-05,1.0,0.0,1.0,100.0,True,0.008654070310657956,0.012668271058369882,0.017159639891191965,0.025019587204267578
sparse_jaccard_size__n800,2,sparse_chain,generic_sparse,True,"{""method"": ""sparse_chain""}",jaccard,800,800,640000,893,2.75,3.5,ok,,3.5,0.0018665759998839349,0.0014326050004456192,0.003911792009603232,0.003911188978236169,0.003936630004318431,0.003919870330719277,0.0039114904939197,0.003924211006960832,1.4517434555390432e-05,6.030313670635223e-07,3,"[0.003936630004318431, 0.003911792009603232, 0.003911188978236169]",0.005778368009487167,3,1,9,0.7777777777777778,0.7777777777777778,0.6153846153846154,0.7,sparse_chain,800,800,0.0,0.0005745820235460997,0.0015572199772577733,0.0019999020150862634,1.1429947335273027e-06,0.004232054023304954,892,892.0,892,,,,,,,1,1,3.5,9,True,sparse_chain_fit,800,800,0.0014309870020952076,0.0,0.0,0.0,0.0,0.0014309870020952076,0,,,,,,,,,1,1,,,0.0017027120047714561,0.004256379004800692,0.005959091009572148,3.5,3.5,0.0,isolated,1,True,1200.0,0.2620544059900567,0.029947263014037162,0.23210714297601953,144375808,137.6875,resource.ru_maxrss_kib_converted_to_bytes,0,"{""BLIS_NUM_THREADS"": ""1"", ""MKL_DYNAMIC"": ""FALSE"", ""MKL_NUM_THREADS"": ""1"", ""NUMBA_NUM_THREADS"": ""1"", ""NUMEXPR_NUM_THREADS"": ""1"", ""OMP_DYNAMIC"": ""FALSE"", ""OMP_NUM_THREADS"": ""1"", ""OPENBLAS_NUM_THREADS"": ""1"", ""PYTHONHASHSEED"": ""0"", ""VECLIB_MAXIMUM_THREADS"": ""1""}",tree_tree,2,0,0,0.03586885202093981,366,9,13,10,20,14,medium,medium,1000,uniform,"{""kind"": ""categorical"", ""probs"": [0.8, 0.2], ""values"": [1, 2]}",inverse_sqrt,14,tail,sparse_chain,Generic score with an exact token blocking rule and very few positive node pairs.,19,19,88,92,17,15,,,,,892.0,892.0,True,639.0,2044.0,142.0,892.0,1891.0,False,,3.5,True,exact_agreement,3,0.0,1e-05,1.0,0.0,1.0,100.0,True,1.0,1.0,1.0,1.0
sparse_jaccard_size__n800,2,sparse_closure,generic_sparse,True,"{""method"": ""sparse""}",jaccard,800,800,640000,893,2.75,3.5,ok,,3.5,0.0015875530079938471,0.0015149560058489442,0.03958100298768841,0.039418330998159945,0.03969309901003726,0.03956414433196187,0.039499666992924176,0.03963705099886283,0.00013815761214074404,0.00011209602234885097,3,"[0.03958100298768841, 0.039418330998159945, 0.03969309901003726]",0.041168555995682254,3,1,9,0.7777777777777778,0.7777777777777778,0.6153846153846154,0.7,sparse_closure,800,800,0.0,0.00017849402502179146,0.0003638270136434585,0.04167576599866152,4.992994945496321e-06,0.04268175901961513,892,892.0,892,59592.0,,,,,,1,1,3.5,9,True,sparse_fit,800,800,0.0015131320105865598,0.0,0.0,0.0,0.0,0.0015131320105865598,0,,,,,,,,,1,1,,,0.001719285995932296,0.04134777601575479,0.043067062011687085,3.5,3.5,0.0,isolated,1,True,1200.0,0.4926163939817343,0.24904957599937916,0.24356681798235513,144404480,137.71484375,resource.ru_maxrss_kib_converted_to_bytes,0,"{""BLIS_NUM_THREADS"": ""1"", ""MKL_DYNAMIC"": ""FALSE"", ""MKL_NUM_THREADS"": ""1"", ""NUMBA_NUM_THREADS"": ""1"", ""NUMEXPR_NUM_THREADS"": ""1"", ""OMP_DYNAMIC"": ""FALSE"", ""OMP_NUM_THREADS"": ""1"", ""OPENBLAS_NUM_THREADS"": ""1"", ""PYTHONHASHSEED"": ""0"", ""VECLIB_MAXIMUM_THREADS"": ""1""}",tree_tree,1,1,0,0.03586885202093981,366,9,13,10,20,14,medium,medium,1000,uniform,"{""kind"": ""categorical"", ""probs"": [0.8, 0.2], ""values"": [1, 2]}",inverse_sqrt,14,tail,sparse_chain,Generic score with an exact token blocking rule and very few positive node pairs.,19,19,88,92,17,15,,,,,,,True,,,,,,False,60956.0,3.5,True,exact_agreement,3,0.0,1e-05,1.0,0.0,1.0,100.0,True,0.09883003750107058,0.14035877309112324,0.17988230049813192,0.24616598986765983
sparse_jaccard_size__n800,2,exact_dense,generic,True,"{""method"": ""exact""}",jaccard,800,800,640000,893,2.75,3.5,ok,,3.5,1.0200019460171461e-06,6.846996257081628e-06,0.46035971099627204,0.459213608992286,0.46037219400750473,0.4599818379986876,0.45978665999427903,0.4603659525018884,0.0006653351118796607,1.2483011232689023e-05,3,"[0.459213608992286, 0.46037219400750473, 0.46035971099627204]",0.46036073099821806,3,1,9,0.7777777777777778,0.7777777777777778,0.6153846153846154,0.7,exact_dense,800,800,0.0,0.0001227830071002245,0.0,0.457905524992384,0.0008295970037579536,0.45896174098015763,640000,,892,640000.0,,,,,,1,1,3.5,9,True,exact_fit,800,800,6.01599458605051e-06,0.0,0.0,0.0,0.0,6.01599458605051e-06,0,,,,,,,,,1,1,,,2.075976226478815e-06,0.46429986399016343,0.4643019399663899,3.5,3.5,0.0,isolated,1,True,1200.0,3.0036627399967983,2.763962110999273,0.2397006289975252,144375808,137.6875,resource.ru_maxrss_kib_converted_to_bytes,0,"{""BLIS_NUM_THREADS"": ""1"", ""MKL_DYNAMIC"": ""FALSE"", ""MKL_NUM_THREADS"": ""1"", ""NUMBA_NUM_THREADS"": ""1"", ""NUMEXPR_NUM_THREADS"": ""1"", ""OMP_DYNAMIC"": ""FALSE"", ""OMP_NUM_THREADS"": ""1"", ""OPENBLAS_NUM_THREADS"": ""1"", ""PYTHONHASHSEED"": ""0"", ""VECLIB_MAXIMUM_THREADS"": ""1""}",tree_tree,0,2,0,0.03586885202093981,366,9,13,10,20,14,medium,medium,1000,uniform,"{""kind"": ""categorical"", ""probs"": [0.8, 0.2], ""values"": [1, 2]}",inverse_sqrt,14,tail,sparse_chain,Generic score with an exact token blocking rule and very few positive node pairs.,19,19,88,92,17,15,,,,,,,,,,,,,,,3.5,True,exact_agreement,3,0.0,1e-05,1.0,0.0,1.0,100.0,True,0.008497250989096457,0.012551826470858422,0.016851312149364157,0.024792462257673224
sparse_jaccard_size__n800,2,beam_local,generic,False,"{""beam_local_child_cap"": null, ""beam_width"": 200, ""method"": ""beam_local""}",jaccard,800,800,640000,893,2.75,3.5,ok,,3.5,9.789946489036083e-07,5.8559817261993885e-06,0.0270678740052972,0.02706593001494184,0.027133452997077256,0.027089085672438767,0.02706690201011952,0.027100663501187228,3.843552258404145e-05,1.9439903553575277e-06,3,"[0.027133452997077256, 0.0270678740052972, 0.02706593001494184]",0.027068852999946102,3,1,9,0.7777777777777778,0.7777777777777778,0.6153846153846154,0.7,beam_local,800,800,0.0,0.00020939999376423657,0.02526976095396094,0.0038929010333959013,2.2110179997980595e-06,0.02946869799052365,13860,13860.0,46,,33926.0,14746.0,6914.0,200.0,41.0,1,1,3.5,9,True,beam_local_fit,800,800,4.9539958126842976e-06,0.0,0.0,0.0,0.0,4.9539958126842976e-06,0,,,,,,,,,1,1,,,2.107000909745693e-06,0.027931978984270245,0.02793408598517999,3.5,3.5,0.0,isolated,1,True,1200.0,0.395074978005141,0.16657834700890817,0.22849663099623285,144375808,137.6875,resource.ru_maxrss_kib_converted_to_bytes,0,"{""BLIS_NUM_THREADS"": ""1"", ""MKL_DYNAMIC"": ""FALSE"", ""MKL_NUM_THREADS"": ""1"", ""NUMBA_NUM_THREADS"": ""1"", ""NUMEXPR_NUM_THREADS"": ""1"", ""OMP_DYNAMIC"": ""FALSE"", ""OMP_NUM_THREADS"": ""1"", ""OPENBLAS_NUM_THREADS"": ""1"", ""PYTHONHASHSEED"": ""0"", ""VECLIB_MAXIMUM_THREADS"": ""1""}",tree_tree,3,3,0,0.03586885202093981,366,9,13,10,20,14,medium,medium,1000,uniform,"{""kind"": ""categorical"", ""probs"": [0.8, 0.2], ""values"": [1, 2]}",inverse_sqrt,14,tail,sparse_chain,Generic score with an exact token blocking rule and very few positive node pairs.,19,19,88,92,17,15,200.0,,40.0,6915.0,,,,,,,,,,,3.5,True,exact_agreement,3,0.0,1e-05,1.0,0.0,1.0,100.0,True,0.14451788894974507,0.21346925965051686,0.2525393274234628,0.3518329911579247
sparse_jaccard_size__n800,3,sparse_closure,generic_sparse,True,"{""method"": ""sparse""}",jaccard,800,800,640000,974,3.1666666666667345,3.250000000000031,ok,,3.250000000000031,0.0015019669954199344,0.0016851540131028742,0.04171711401431821,0.04171646499889903,0.041869852982927114,0.041767810665381454,0.04171678950660862,0.04179348349862266,8.83718350653698e-05,6.490154191851616e-07,3,"[0.04171711401431821, 0.04171646499889903, 0.041869852982927114]",0.04321908100973815,3,1,4,0.1,0.25,0.09090909090909091,0.08333333333333333,sparse_closure,800,800,0.0,0.00017066698637790978,0.0003700520028360188,0.043317803007084876,5.453010089695454e-06,0.044256908004172146,974,974.0,974,64302.0,,,,,,1,1,3.250000000000031,4,True,sparse_fit,800,800,0.0016836209979373962,0.0,0.0,0.0,0.0,0.0016836209979373962,0,,,,,,,,,1,1,,,0.001708305993815884,0.043717872991692275,0.04542617898550816,3.250000000000031,3.250000000000031,0.0,isolated,1,True,1200.0,0.48841566301416606,0.261080029013101,0.22733563400106505,145223680,138.49609375,resource.ru_maxrss_kib_converted_to_bytes,0,"{""BLIS_NUM_THREADS"": ""1"", ""MKL_DYNAMIC"": ""FALSE"", ""MKL_NUM_THREADS"": ""1"", ""NUMBA_NUM_THREADS"": ""1"", ""NUMEXPR_NUM_THREADS"": ""1"", ""OMP_DYNAMIC"": ""FALSE"", ""OMP_NUM_THREADS"": ""1"", ""OPENBLAS_NUM_THREADS"": ""1"", ""PYTHONHASHSEED"": ""0"", ""VECLIB_MAXIMUM_THREADS"": ""1""}",tree_tree,1,0,0,0.03579249800532125,386,10,11,12,14,18,medium,medium,1000,uniform,"{""kind"": ""categorical"", ""probs"": [0.8, 0.2], ""values"": [1, 2]}",inverse_sqrt,14,tail,sparse_chain,Generic score with an exact token blocking rule and very few positive node pairs.,19,19,110,109,18,14,,,,,,,True,,,,,,False,65708.0,3.250000000000031,True,exact_agreement,3,3.108624468950438e-14,1e-05,1.0,0.0,1.0,100.0,True,0.09486804372799751,0.13371443542355563,0.17329584925133854,0.23588732972884824
sparse_jaccard_size__n800,3,exact_dense,generic,True,"{""method"": ""exact""}",jaccard,800,800,640000,974,3.1666666666667345,3.25,ok,,3.250000000000031,1.1850206647068262e-06,6.626010872423649e-06,0.4558035449881572,0.4549171130056493,0.45602040499215946,0.45558035432865535,0.45536032899690326,0.45591197499015834,0.0005845287458637533,0.00021686000400222838,3,"[0.4558035449881572, 0.4549171130056493, 0.45602040499215946]",0.45580473000882193,3,1,4,0.1,0.25,0.09090909090909091,0.08333333333333333,exact_dense,800,800,0.0,0.0001264129823539406,0.0,0.46559242997318506,0.0008571390062570572,0.46669177399598993,640000,,974,640000.0,,,,,,1,1,3.25,4,True,exact_fit,800,800,5.918001988902688e-06,0.0,0.0,0.0,0.0,5.918001988902688e-06,0,,,,,,,,,1,1,,,2.109009074047208e-06,0.45639894300256856,0.4564010520116426,3.25,3.250000000000031,0.0,isolated,1,True,1200.0,2.9783147429989185,2.746124753000913,0.23218998999800533,144375808,137.6875,resource.ru_maxrss_kib_converted_to_bytes,0,"{""BLIS_NUM_THREADS"": ""1"", ""MKL_DYNAMIC"": ""FALSE"", ""MKL_NUM_THREADS"": ""1"", ""NUMBA_NUM_THREADS"": ""1"", ""NUMEXPR_NUM_THREADS"": ""1"", ""OMP_DYNAMIC"": ""FALSE"", ""OMP_NUM_THREADS"": ""1"", ""OPENBLAS_NUM_THREADS"": ""1"", ""PYTHONHASHSEED"": ""0"", ""VECLIB_MAXIMUM_THREADS"": ""1""}",tree_tree,0,1,0,0.03579249800532125,386,10,11,12,14,18,medium,medium,1000,uniform,"{""kind"": ""categorical"", ""probs"": [0.8, 0.2], ""values"": [1, 2]}",inverse_sqrt,14,tail,sparse_chain,Generic score with an exact token blocking rule and very few positive node pairs.,19,19,110,109,18,14,,,,,,,,,,,,,,,3.250000000000031,True,exact_agreement,3,3.108624468950438e-14,1e-05,1.0,3.108624468950438e-14,1.0,100.0,True,0.00868273412972035,0.01267870786823603,0.017215986426518365,0.025039941631488736
sparse_jaccard_size__n800,3,beam_local,generic,False,"{""beam_local_child_cap"": null, ""beam_width"": 200, ""method"": ""beam_local""}",jaccard,800,800,640000,974,3.1666666666667345,3.166666666666735,ok,,3.1666666666667345,9.390059858560562e-07,5.809997674077749e-06,0.017476125998655334,0.01744393998524174,0.017993641988141462,0.017637902657346178,0.017460032991948538,0.017734883993398398,0.0003084993330152788,3.218601341359317e-05,3,"[0.01744393998524174, 0.017476125998655334, 0.017993641988141462]",0.01747706500464119,3,1,10,1.0,1.0,0.9090909090909091,0.8333333333333334,beam_local,800,800,0.0,0.0001960709923878312,0.016138231061631814,0.0026642789598554373,2.0989973563700914e-06,0.019079634017543867,8720,8720.0,32,,23051.0,9625.0,5962.0,200.0,41.0,1,1,3.166666666666735,10,True,beam_local_fit,800,800,4.989007720723748e-06,0.0,0.0,0.0,0.0,4.989007720723748e-06,0,,,,,,,,,1,1,,,2.1589803509414196e-06,0.01783423201413825,0.017836390994489193,3.166666666666735,3.1666666666667345,0.0,isolated,1,True,1200.0,0.3303243569971528,0.10867329899338074,0.22165105800377205,144375808,137.6875,resource.ru_maxrss_kib_converted_to_bytes,0,"{""BLIS_NUM_THREADS"": ""1"", ""MKL_DYNAMIC"": ""FALSE"", ""MKL_NUM_THREADS"": ""1"", ""NUMBA_NUM_THREADS"": ""1"", ""NUMEXPR_NUM_THREADS"": ""1"", ""OMP_DYNAMIC"": ""FALSE"", ""OMP_NUM_THREADS"": ""1"", ""OPENBLAS_NUM_THREADS"": ""1"", ""PYTHONHASHSEED"": ""0"", ""VECLIB_MAXIMUM_THREADS"": ""1""}",tree_tree,3,2,0,0.03579249800532125,386,10,11,12,14,18,medium,medium,1000,uniform,"{""kind"": ""categorical"", ""probs"": [0.8, 0.2], ""values"": [1, 2]}",inverse_sqrt,14,tail,sparse_chain,Generic score with an exact token blocking rule and very few positive node pairs.,19,19,110,109,18,14,200.0,,40.0,5963.0,,,,,,,,,,,3.250000000000031,True,exact_agreement,3,3.108624468950438e-14,1e-05,0.974358974358986,0.08333333333329618,0.974358974358986,97.4358974358986,True,0.22645871269300238,0.33066278664108545,0.36750304632156394,0.49376073760393735
sparse_jaccard_size__n800,3,sparse_chain,generic_sparse,True,"{""method"": ""sparse_chain""}",jaccard,800,800,640000,974,3.1666666666667345,3.250000000000031,ok,,3.250000000000031,0.0018213940202258527,0.0013720749993808568,0.003957620996516198,0.003933006984880194,0.003968281002016738,0.00395296966113771,0.003945313990698196,0.003962950999266468,1.8091165298003323e-05,1.0660005500540137e-05,3,"[0.003968281002016738, 0.003957620996516198, 0.003933006984880194]",0.005779015016742051,3,1,4,0.1,0.25,0.09090909090909091,0.08333333333333333,sparse_chain,800,800,0.0,0.0005747319955844432,0.001557426992803812,0.0020032880129292607,9.039940778166056e-07,0.004230985010508448,974,974.0,974,,,,,,,1,1,3.250000000000031,4,True,sparse_chain_fit,800,800,0.0013705559831578285,0.0,0.0,0.0,0.0,0.0013705559831578285,0,,,,,,,,,1,1,,,0.001652939012274146,0.00429514201823622,0.005948081030510366,3.250000000000031,3.250000000000031,0.0,isolated,1,True,1200.0,0.2538392209971789,0.02993769498425536,0.22390152601292357,144375808,137.6875,resource.ru_maxrss_kib_converted_to_bytes,0,"{""BLIS_NUM_THREADS"": ""1"", ""MKL_DYNAMIC"": ""FALSE"", ""MKL_NUM_THREADS"": ""1"", ""NUMBA_NUM_THREADS"": ""1"", ""NUMEXPR_NUM_THREADS"": ""1"", ""OMP_DYNAMIC"": ""FALSE"", ""OMP_NUM_THREADS"": ""1"", ""OPENBLAS_NUM_THREADS"": ""1"", ""PYTHONHASHSEED"": ""0"", ""VECLIB_MAXIMUM_THREADS"": ""1""}",tree_tree,2,3,0,0.03579249800532125,386,10,11,12,14,18,medium,medium,1000,uniform,"{""kind"": ""categorical"", ""probs"": [0.8, 0.2], ""values"": [1, 2]}",inverse_sqrt,14,tail,sparse_chain,Generic score with an exact token blocking rule and very few positive node pairs.,19,19,110,109,18,14,,,,,974.0,974.0,True,611.0,1895.0,141.0,974.0,1727.0,False,,3.250000000000031,True,exact_agreement,3,3.108624468950438e-14,1e-05,1.0,0.0,1.0,100.0,True,1.0,1.0,1.0,1.0
