regime,regime_order,algorithm,algorithm_config_index,status,preparation_kind,one_time_preparation_seconds,score_matrix_seconds_median,score_matrix_seconds_q25,score_matrix_seconds_q75,score_matrix_relative_iqr,setup_plus_one_matrix_seconds,cold_score_matrix_seconds,cold_setup_plus_one_matrix_seconds,fresh_process_total_seconds,peak_rss_mib,pairs_per_second,queries_per_second,throughput_timing_score,throughput_accuracy_harmonic_score,quality_eligible,throughput_frontier,matrix_total_accuracy_percent,mean_pair_accuracy_percent,min_pair_accuracy_percent,exact_pair_percent,score_matrix_iqr_seconds
equality_tree_to_path_common_labels,0,exact_dense,0,skipped,,,,,,,,,,,,,,,,False,False,,,,,
equality_tree_to_path_common_labels,0,fast_dense,1,ok,shared_encoder_plus_encoded_trees,0.021069443988380954,0.12308139700326137,0.12302123100380413,0.12361628998769447,0.004834678500395735,0.14415084099164233,0.22172875600517727,0.24255227399407886,1.1665344139910303,192.6328125,15599.432950449242,649.976372935385,1.0,1.0,True,True,100.0,100.0,100.0,100.0,0.0005950589838903397
equality_tree_to_path_common_labels,0,sparse_closure,2,ok,bucket_indices_and_tree_intervals,0.030788122967351228,16.07296067502466,16.041205626999727,16.156090473989025,0.007147709081862852,16.10374879799201,16.362507743004244,16.395036283996888,97.53186628399999,190.84375,119.45527888856445,4.977303287023519,0.007657668023447244,0.015198947552233697,True,False,100.0,100.0,100.0,100.0,0.11488484698929824
equality_tree_to_path_common_labels,0,sparse_chain,3,ok,bucket_indices_and_tree_intervals,0.03010562201961875,9.612663604988484,9.602636786992662,9.61680475101457,0.0014738853458427137,9.642769227008102,9.369081791024655,9.403008074004902,57.823486168985255,190.84375,199.73652245602537,8.32235510233439,0.012804088654406713,0.025284433184739597,True,False,100.0,100.0,100.0,100.0,0.01416796402190812
equality_tree_to_path_common_labels,0,fast_sparse,4,ok,shared_encoder_plus_sparse_indices,0.045300734956981614,8.23045846700552,8.214530761004426,8.238288466003723,0.0028865591260241914,8.2757592019625,8.215679034008645,8.261706420977134,49.54667024500668,190.84375,233.27983583137527,9.719993159640635,0.014954379211883926,0.029468081557510118,True,False,100.0,100.0,100.0,100.0,0.023757704999297857
equality_tree_to_path_common_labels,0,beam_local,5,ok,none,2.0805979147553444e-05,30.559806378994836,30.546238874987466,30.58012666797731,0.0011089007754033775,30.559827184973983,30.660253316978924,30.660272821987746,183.8245473219722,191.03125,62.82762319200113,2.617817633000047,0.00402755814211771,0.00802276558183997,False,False,99.88084476949626,99.87151563714065,84.61538461538461,98.54166666666667,0.033887792989844456
equality_tree_to_path_common_labels,0,beam_local_capped,6,ok,none,1.9391998648643494e-05,30.93113625200931,30.908386686001904,31.007450313016307,0.003202715419417127,30.93115564400796,31.138932821020717,31.138950849010143,186.01524609001353,190.84375,62.0733743615796,2.58639059839915,0.0039792071005883565,0.007926834057417162,False,False,99.88084476949626,99.87151563714065,84.61538461538461,98.54166666666667,0.0990636270144023
equality_tree_to_path_common_labels,0,beam_partial_score,7,ok,none,1.8574995920062065e-05,30.878539276018273,30.700657842011424,31.117966294987127,0.013514514052800573,30.878557851014193,30.771459083014634,30.771480198018253,185.53279216200463,190.84375,62.17910707619393,2.590796128174747,0.003985985085079856,0.007925429426745213,False,False,67.8773933766127,68.13845498863881,33.33333333333333,0.46875,0.4173084529757034
equality_tree_to_path_common_labels,0,fast_beam_partial,8,ok,shared_encoder_plus_fast_beam_indices,0.07679383995127864,1.6478948710137047,1.6417480149830226,1.6482766850094777,0.003961824350141314,1.7246887109649833,1.756739429984009,1.834229028027039,10.440636635001283,197.66015625,1165.1228690449832,48.54678621020763,0.07469007833463776,0.13457226216591267,False,False,67.8773933766127,68.13845498863881,33.33333333333333,0.46875,0.0065286700264550745
sparse_overlap_tree_template_bank,1,exact_dense,0,skipped,,,,,,,,,,,,,,,,False,False,,,,,
sparse_overlap_tree_template_bank,1,fast_dense,1,skipped,,,,,,,,,,,,,,,,False,False,,,,,
sparse_overlap_tree_template_bank,1,sparse_closure,2,ok,bucket_indices_and_tree_intervals,0.13130110598285682,32.824064707005164,32.321099269000115,33.04447623898159,0.02203800706702522,32.95536581298802,33.12991611598409,33.238952184969094,204.30514074402163,228.9375,2.437236238537111,0.30465452981713886,0.01826311809213755,0.03587111772516347,True,False,100.0,100.0,100.0,100.0,0.7233769699814729
sparse_overlap_tree_template_bank,1,sparse_chain,3,ok,bucket_indices_and_tree_intervals,0.10125018702819943,1.7196010829939041,1.719423503993312,1.7210940959921572,0.0009714997364020973,1.8208512700221036,1.7126592990243807,1.8199255680374335,11.265447581012268,221.3984375,46.522417781173026,5.815302222646628,0.34860978859369834,0.5169913366226138,True,False,100.0,100.0,100.0,100.0,0.0016705919988453388
sparse_overlap_tree_template_bank,1,fast_sparse,4,ok,shared_encoder_plus_sparse_indices,0.26634170798934065,1.45667806599522,1.4564090489875525,1.4581428189994767,0.0011902218152366252,1.7230197739845607,1.4175075500097591,1.6752770080347545,9.903139623987954,221.3984375,54.91947868751839,6.864934835939799,0.4115320907220736,0.5830998720143203,True,False,100.0,100.0,100.0,100.0,0.0017337700119242072
sparse_overlap_tree_template_bank,1,beam_local,5,ok,none,1.593801425769925e-05,7.669465956016211,7.6399216540157795,7.6968608839961234,0.007424145345567214,7.6694818940304685,7.566043487022398,7.566063775011571,47.06597988199792,221.3984375,10.43097400246559,1.3038717503081987,0.07816316982771838,0.13526889447436563,False,False,50.21048603138155,49.48065451573516,8.0,21.25,0.05693922998034395
sparse_overlap_tree_template_bank,1,beam_local_capped,6,ok,none,1.9071012502536178e-05,3.4114038920088205,3.365190494019771,3.423146799003007,0.016988989523931176,3.411422963021323,3.426208985998528,3.4262322050053626,21.173159935016884,221.3984375,23.450755915299034,2.9313444894123792,0.17572524068822562,0.18107396259225048,False,False,18.675851511672406,19.081953798889284,0.0,1.25,0.057956304983235896
sparse_overlap_tree_template_bank,1,beam_partial_score,7,ok,none,2.1860003471374512e-05,20.338745277986163,20.115954778011655,20.42880815800163,0.015382137674372375,20.338767137989635,20.606255866994616,20.606282441993244,125.36446703100228,221.3984375,3.933379316500353,0.4916724145625441,0.029474274927708616,0.040789740209070266,False,False,6.620742441637992,6.970347640710581,2.2222222222222223,0.0,0.3128533799899742
sparse_overlap_tree_template_bank,1,fast_beam_partial,8,ok,shared_encoder_plus_fast_beam_indices,0.34227517203544267,0.5994697700079996,0.597646148991771,0.5996713509957772,0.0033783221528903905,0.9417449420434423,0.7132560829923023,1.0699707790045068,5.0045089589839336,221.3984375,133.45126643989477,16.681408304986846,1.0,1.0,True,True,100.0,100.0,100.0,100.0,0.0020252020040061325
generic_jaccard_tree_to_path,2,exact_dense,0,ok,none,1.7607002519071102e-05,8.207977292011492,8.195765456999652,8.209208052023314,0.0016377475893780812,8.207994899014011,8.199705742998049,8.199723163997987,49.60286331400857,221.3984375,77.9729252690413,4.873307829315081,0.05814692524586094,0.10990331088917633,True,False,100.0,100.0,100.0,100.0,0.013442595023661852
generic_jaccard_tree_to_path,2,fast_dense,1,skipped,,,,,,,,,,,,,,,,False,False,,,,,
generic_jaccard_tree_to_path,2,sparse_closure,2,ok,bucket_indices_and_tree_intervals,0.03524253400973976,3.140053245006129,3.1157258659950458,3.140536395017989,0.007901308381442684,3.175295779015869,3.1948264859966002,3.220364042004803,19.22116610498051,221.3984375,203.81819990404358,12.738637494002724,0.15199380544815722,0.2638795533957363,True,False,100.0,100.0,100.0,100.0,0.02481052902294323
generic_jaccard_tree_to_path,2,sparse_chain,3,ok,bucket_indices_and_tree_intervals,0.022878573974594474,0.4772686420183163,0.4772306109953206,0.47733515698928386,0.00021905062423783602,0.5001472159929108,0.48660668000229634,0.5104775039944798,3.1756027519877534,221.3984375,1340.9638590407087,83.8102411900443,1.0,1.0,True,True,100.0,100.0,100.0,100.0,0.00010454599396325648
generic_jaccard_tree_to_path,2,fast_sparse,4,skipped,,,,,,,,,,,,,,,,False,False,,,,,
generic_jaccard_tree_to_path,2,beam_local,5,ok,none,1.5541998436674476e-05,16.21780968600069,16.217676189000485,16.2282712419983,0.0006532974059351679,16.21782522799913,16.013840969011653,16.013858949008863,97.64771538699279,221.3984375,39.462788896360756,2.4664243060225473,0.029428674479408733,0.05714311237052095,False,False,98.0988309416166,98.12385983747289,58.5714245815669,86.71875,0.010595052997814491
generic_jaccard_tree_to_path,2,beam_local_capped,6,ok,none,1.94129825104028e-05,16.443641449994175,16.339613755000755,16.4553861769964,0.007040558646800496,16.443660862976685,16.419713924988173,16.419733716989867,98.92014588898746,221.3984375,38.92081945147416,2.432551215717135,0.029024510384133034,0.05638127359757224,False,False,98.12271846472817,98.13722252314807,58.5714245815669,86.40625,0.11577242199564353
generic_jaccard_tree_to_path,2,beam_partial_score,7,ok,none,1.9069004338234663e-05,10.273837538989028,10.26844022597652,10.27683471198543,0.0008170740462902532,10.273856607993366,10.41131721099373,10.411339120997582,62.248883933003526,221.3984375,62.294152265033546,3.8933845165645966,0.0464547585268981,0.08869944911559469,False,False,97.87280278175422,97.91840957822899,78.26086632020095,77.1875,0.008394486008910462
generic_jaccard_tree_to_path,2,fast_beam_partial,8,skipped,,,,,,,,,,,,,,,,False,False,,,,,
