regime,algorithm,matcher_construction_seconds,encoder_fit_seconds,query_preparation_seconds,template_preparation_seconds,one_time_preparation_seconds,score_matrix_seconds_median,score_matrix_seconds_q25,score_matrix_seconds_q75,setup_plus_one_matrix_seconds,cold_one_time_preparation_seconds,cold_score_matrix_seconds,cold_setup_plus_one_matrix_seconds,fresh_process_total_seconds,peak_rss_mib
equality_tree_to_path_common_labels,fast_dense,3.3913005609065294e-05,0.007894423994002864,0.012864004005677998,0.00027710298309102654,0.021069443988380954,0.12308139700326137,0.12302123100380413,0.12361628998769447,0.14415084099164233,0.020823517988901585,0.22172875600517727,0.24255227399407886,1.1665344139910303,192.6328125
equality_tree_to_path_common_labels,sparse_closure,2.8021982870996e-05,0.0,0.029961033986182883,0.0007990669982973486,0.030788122967351228,16.07296067502466,16.041205626999727,16.156090473989025,16.10374879799201,0.032528540992643684,16.362507743004244,16.395036283996888,97.53186628399999,190.84375
equality_tree_to_path_common_labels,sparse_chain,3.1005998607724905e-05,0.0,0.029311317019164562,0.0007632990018464625,0.03010562201961875,9.612663604988484,9.602636786992662,9.61680475101457,9.642769227008102,0.03392628298024647,9.369081791024655,9.403008074004902,57.823486168985255,190.84375
equality_tree_to_path_common_labels,fast_sparse,2.9126997105777264e-05,0.008098263991996646,0.03641074898769148,0.0007625949801877141,0.045300734956981614,8.23045846700552,8.214530761004426,8.238288466003723,8.2757592019625,0.046027386968489736,8.215679034008645,8.261706420977134,49.54667024500668,190.84375
equality_tree_to_path_common_labels,beam_local,2.0805979147553444e-05,0.0,0.0,0.0,2.0805979147553444e-05,30.559806378994836,30.546238874987466,30.58012666797731,30.559827184973983,1.950500882230699e-05,30.660253316978924,30.660272821987746,183.8245473219722,191.03125
equality_tree_to_path_common_labels,beam_local_capped,1.9391998648643494e-05,0.0,0.0,0.0,1.9391998648643494e-05,30.93113625200931,30.908386686001904,31.007450313016307,30.93115564400796,1.8027989426627755e-05,31.138932821020717,31.138950849010143,186.01524609001353,190.84375
equality_tree_to_path_common_labels,beam_partial_score,1.8574995920062065e-05,0.0,0.0,0.0,1.8574995920062065e-05,30.878539276018273,30.700657842011424,31.117966294987127,30.878557851014193,2.1115003619343042e-05,30.771459083014634,30.771480198018253,185.53279216200463,190.84375
equality_tree_to_path_common_labels,fast_beam_partial,3.7400983273983e-05,0.007704880990786478,0.06739064198336564,0.0016609159938525409,0.07679383995127864,1.6478948710137047,1.6417480149830226,1.6482766850094777,1.7246887109649833,0.07748959804303013,1.756739429984009,1.834229028027039,10.440636635001283,197.66015625
sparse_overlap_tree_template_bank,sparse_closure,4.080499638803303e-05,0.0,0.07777418498881161,0.05348611599765718,0.13130110598285682,32.824064707005164,32.321099269000115,33.04447623898159,32.95536581298802,0.10903606898500584,33.12991611598409,33.238952184969094,204.30514074402163,228.9375
sparse_overlap_tree_template_bank,sparse_chain,3.164002555422485e-05,0.0,0.07507278499542736,0.026145762007217854,0.10125018702819943,1.7196010829939041,1.719423503993312,1.7210940959921572,1.8208512700221036,0.1072662690130528,1.7126592990243807,1.8199255680374335,11.265447581012268,221.3984375
sparse_overlap_tree_template_bank,fast_sparse,0.00011812799493782222,0.062212261982494965,0.13820617401506752,0.06580514399684034,0.26634170798934065,1.45667806599522,1.4564090489875525,1.4581428189994767,1.7230197739845607,0.2577694580249954,1.4175075500097591,1.6752770080347545,9.903139623987954,221.3984375
sparse_overlap_tree_template_bank,beam_local,1.593801425769925e-05,0.0,0.0,0.0,1.593801425769925e-05,7.669465956016211,7.6399216540157795,7.6968608839961234,7.6694818940304685,2.0287989173084497e-05,7.566043487022398,7.566063775011571,47.06597988199792,221.3984375
sparse_overlap_tree_template_bank,beam_local_capped,1.9071012502536178e-05,0.0,0.0,0.0,1.9071012502536178e-05,3.4114038920088205,3.365190494019771,3.423146799003007,3.411422963021323,2.3219006834551692e-05,3.426208985998528,3.4262322050053626,21.173159935016884,221.3984375
sparse_overlap_tree_template_bank,beam_partial_score,2.1860003471374512e-05,0.0,0.0,0.0,2.1860003471374512e-05,20.338745277986163,20.115954778011655,20.42880815800163,20.338767137989635,2.6574998628348112e-05,20.606255866994616,20.606282441993244,125.36446703100228,221.3984375
sparse_overlap_tree_template_bank,fast_beam_partial,0.00014286101213656366,0.06252337800106034,0.19246811501216143,0.08714081801008433,0.34227517203544267,0.5994697700079996,0.597646148991771,0.5996713509957772,0.9417449420434423,0.3567146960122045,0.7132560829923023,1.0699707790045068,5.0045089589839336,221.3984375
generic_jaccard_tree_to_path,exact_dense,1.7607002519071102e-05,0.0,0.0,0.0,1.7607002519071102e-05,8.207977292011492,8.195765456999652,8.209208052023314,8.207994899014011,1.7420999938622117e-05,8.199705742998049,8.199723163997987,49.60286331400857,221.3984375
generic_jaccard_tree_to_path,sparse_closure,2.5932007702067494e-05,0.0,0.03443440899718553,0.0007821930048521608,0.03524253400973976,3.140053245006129,3.1157258659950458,3.140536395017989,3.175295779015869,0.025537556008202955,3.1948264859966002,3.220364042004803,19.22116610498051,221.3984375
generic_jaccard_tree_to_path,sparse_chain,2.411298919469118e-05,0.0,0.021794686996145174,0.0010597739892546088,0.022878573974594474,0.4772686420183163,0.4772306109953206,0.47733515698928386,0.5001472159929108,0.023870823992183432,0.48660668000229634,0.5104775039944798,3.1756027519877534,221.3984375
generic_jaccard_tree_to_path,beam_local,1.5541998436674476e-05,0.0,0.0,0.0,1.5541998436674476e-05,16.21780968600069,16.217676189000485,16.2282712419983,16.21782522799913,1.79799972102046e-05,16.013840969011653,16.013858949008863,97.64771538699279,221.3984375
generic_jaccard_tree_to_path,beam_local_capped,1.94129825104028e-05,0.0,0.0,0.0,1.94129825104028e-05,16.443641449994175,16.339613755000755,16.4553861769964,16.443660862976685,1.979200169444084e-05,16.419713924988173,16.419733716989867,98.92014588898746,221.3984375
generic_jaccard_tree_to_path,beam_partial_score,1.9069004338234663e-05,0.0,0.0,0.0,1.9069004338234663e-05,10.273837538989028,10.26844022597652,10.27683471198543,10.273856607993366,2.191000385209918e-05,10.41131721099373,10.411339120997582,62.248883933003526,221.3984375
