regime,algorithm,diagnostic_pairs_checked,sample_median_diag_candidate_generation_seconds,sample_median_diag_candidate_pairs_generated,sample_median_diag_directions,sample_median_diag_extra_candidate_pairs_after_deduplication,sample_median_diag_extra_candidate_states_created,sample_median_diag_extra_segment_tree_interval_insertions,sample_median_diag_extra_segment_tree_node_update_attempts,sample_median_diag_extra_segment_tree_peak_rollback_history,sample_median_diag_extra_segment_tree_point_queries,sample_median_diag_extra_segment_tree_successful_node_updates,sample_median_diag_input_preprocessing_seconds,sample_median_diag_n_g,sample_median_diag_n_h,sample_median_diag_node_pair_score_evaluations,sample_median_diag_positive_candidate_pairs,sample_median_diag_preprocessing_seconds,sample_median_diag_restarts,sample_median_diag_result_length,sample_median_diag_result_score,sample_median_diag_search_seconds,sample_median_diag_total_seconds,sample_median_diag_traceback_seconds,sample_median_diag_dp_cells_computed,sample_median_diag_extra_beam_width,sample_median_diag_extra_child_cap,sample_median_diag_extra_maximum_product_layer,sample_median_diag_extra_permanent_state_pool_size,sample_median_diag_layers_processed,sample_median_diag_peak_frontier_size,sample_median_diag_states_after_endpoint_pruning,sample_median_diag_states_generated,sample_median_diag_states_retained,sample_median_diag_extra_stored_score_cells,sample_median_diag_extra_candidate_pairs_after_token_deduplication,sample_median_diag_extra_posting_hits,sample_median_diag_extra_label_pair_preprocessing_score_evaluations,sample_median_diag_extra_lookahead_score_evaluations,sample_median_diag_extra_selected_restart,sample_median_diag_extra_duplicate_pairs_skipped,sample_median_diag_extra_expansion_width,sample_median_diag_extra_max_nodes_per_token_side,sample_median_diag_extra_max_token_types_per_expansion,sample_median_diag_extra_maximum_matching_length,sample_median_diag_extra_positive_token_types,sample_median_diag_extra_posting_pair_attempts,sample_median_diag_extra_token_ranges_scanned
equality_tree_to_path_common_labels,exact_dense,,,,,,,,,,,,,,,,,,,,,,,,,,,,,,,,,,,,,,,,,,,,,,,
equality_tree_to_path_common_labels,fast_dense,5.0,0.0,,1.0,,,,,,,,0.0,500.0,32.0,16000.0,,4.1000021155923605e-06,1.0,13.0,13.0,4.790202365256846e-05,6.690900772809982e-05,1.0182004189118743e-05,16000.0,,,,,,,,,,,,,,,,,,,,,,,
equality_tree_to_path_common_labels,sparse_closure,5.0,0.00017258001025766134,2463.0,1.0,,,,,,,,2.268003299832344e-06,500.0,32.0,2463.0,2463.0,0.00014249997911974788,1.0,13.0,13.0,0.008516460016835481,0.008917575993109494,5.337002221494913e-06,13574.0,,,,,,,,,,14091.0,,,,,,,,,,,,,
equality_tree_to_path_common_labels,sparse_chain,5.0,0.0007863250211812556,2463.0,1.0,2463.0,2463.0,2456.0,6995.0,122.0,2463.0,2340.0,2.196000423282385e-06,500.0,32.0,2463.0,2463.0,0.000869606010382995,1.0,13.0,13.0,0.003711151977768168,0.00545466601033695,1.0030053090304136e-06,,,,,,,,,,,,,,,,,,,,,,,,
equality_tree_to_path_common_labels,fast_sparse,5.0,0.00011415602057240903,2463.0,1.0,2463.0,2463.0,2456.0,6995.0,122.0,2463.0,2340.0,0.0,500.0,32.0,2463.0,2463.0,0.0008291149861179292,1.0,13.0,13.0,0.0035948940203525126,0.0046321830013766885,9.149953257292509e-07,,,,,,,,,,,,2463.0,2463.0,,,,,,,,,,,
equality_tree_to_path_common_labels,beam_local,5.0,0.014296996989287436,8100.0,1.0,,,,,,,,2.095999661833048e-06,500.0,32.0,8100.0,1361.0,6.977899465709925e-05,1.0,13.0,13.0,0.003307877021143213,0.017796280997572467,2.620014129206538e-06,,200.0,,51.0,8239.0,52.0,200.0,9602.0,24410.0,8238.0,,,,,,,,,,,,,,
equality_tree_to_path_common_labels,beam_local_capped,5.0,0.014451512950472534,8100.0,1.0,,,,,,,,1.8420105334371328e-06,500.0,32.0,8100.0,1361.0,7.095499313436449e-05,1.0,13.0,13.0,0.003320154035463929,0.017971252993447706,2.580025466158986e-06,,200.0,16.0,51.0,8239.0,52.0,200.0,9602.0,24410.0,8238.0,,,,,,,,,,,,,,
equality_tree_to_path_common_labels,beam_partial_score,5.0,0.008734026807360351,3215.0,1.0,,,,,,,,2.189975930377841e-06,500.0,32.0,3569.0,3215.0,0.000488549005240202,1.0,7.0,7.0,0.0013578191865235567,0.010664139001164585,1.014996087178588e-06,,,,,,8.0,200.0,891.0,3215.0,799.0,,,,198.0,0.0,0.0,,,,,,,,
equality_tree_to_path_common_labels,fast_beam_partial,5.0,0.0003220019571017474,3215.0,1.0,,,,,,,,0.0,500.0,32.0,3215.0,3215.0,1.5583005733788013e-05,1.0,7.0,7.0,0.0002710060216486454,0.0006418849807232618,1.0020157787948847e-06,,200.0,,,800.0,8.0,200.0,891.0,3215.0,799.0,,,,,,,0.0,64.0,8.0,2048.0,19.0,11.0,3215.0,8816.0
sparse_overlap_tree_template_bank,exact_dense,,,,,,,,,,,,,,,,,,,,,,,,,,,,,,,,,,,,,,,,,,,,,,,
sparse_overlap_tree_template_bank,fast_dense,,,,,,,,,,,,,,,,,,,,,,,,,,,,,,,,,,,,,,,,,,,,,,,
sparse_overlap_tree_template_bank,sparse_closure,5.0,0.002490306011168286,3831.0,1.0,,,,,,,,5.512003554031253e-06,6000.0,3000.0,3831.0,3831.0,0.0013263700238894671,1.0,7.0,35.0,0.41733345499960706,0.4282309520058334,9.506999049335718e-06,582707.0,,,,,,,,,,589866.0,,,,,,,,,,,,,
sparse_overlap_tree_template_bank,sparse_chain,5.0,0.006521086004795507,3831.0,1.0,3831.0,3831.0,2657.0,8038.0,135.0,3831.0,7807.0,2.910004695877433e-06,6000.0,3000.0,3831.0,3831.0,0.0034558640036266297,1.0,7.0,35.0,0.009495331003563479,0.01996079701348208,1.0110088624060154e-06,,,,,,,,,,,,,,,,,,,,,,,,
sparse_overlap_tree_template_bank,fast_sparse,5.0,0.004673863004427403,3831.0,1.0,3831.0,3831.0,2657.0,8038.0,135.0,3831.0,7807.0,0.0,6000.0,3000.0,3831.0,3831.0,0.0034778359986376017,1.0,7.0,35.0,0.009645909012760967,0.018328059988562018,9.469804354012012e-07,,,,,,,,,,,,3831.0,3831.0,,,,,,,,,,,
sparse_overlap_tree_template_bank,beam_local,5.0,0.08311951215728186,49570.0,1.0,,,,,,,,2.1460000425577164e-06,6000.0,3000.0,49570.0,21.0,0.0014367929834406823,1.0,3.0,7.0,0.007675563858356327,0.09238607899169438,1.5120021998882294e-06,,200.0,,50.0,8872.0,51.0,200.0,53926.0,103535.0,8871.0,,,,,,,,,,,,,,
sparse_overlap_tree_template_bank,beam_local_capped,5.0,0.03754984991974197,20229.0,1.0,,,,,,,,2.0930019672960043e-06,6000.0,3000.0,20229.0,5.0,0.0014470599999185652,1.0,2.0,2.0,0.004832284001167864,0.04482470601215027,1.781008904799819e-06,,200.0,16.0,50.0,7420.0,51.0,200.0,22388.0,46544.0,7419.0,,,,,,,,,,,,,,
sparse_overlap_tree_template_bank,beam_partial_score,5.0,0.0058883911406155676,64.0,1.0,,,,,,,,2.4790060706436634e-06,6000.0,3000.0,399.0,64.0,0.2399147179967258,1.0,1.0,2.0,6.799088441766798e-05,0.2464981540106237,6.780028343200684e-07,,,,,,2.0,64.0,64.0,64.0,64.0,,,,99999.0,0.0,0.0,,,,,,,,
sparse_overlap_tree_template_bank,fast_beam_partial,5.0,0.0028633530309889466,1017.0,1.0,,,,,,,,0.0,6000.0,3000.0,1017.0,1017.0,0.003495240001939237,1.0,7.0,35.0,0.0001654060324653983,0.007699384004808962,1.1509982869029045e-06,,200.0,,,314.0,8.0,178.0,313.0,1017.0,313.0,,,,,,,0.0,64.0,8.0,2048.0,24.0,2168.0,1017.0,651185.0
generic_jaccard_tree_to_path,exact_dense,5.0,0.0,,1.0,,,,,,,,1.768989022821188e-06,500.0,32.0,16000.0,95.0,4.923989763483405e-06,1.0,5.0,1.8428572416305542,0.012842808006098494,0.012904748000437394,3.473501419648528e-05,16000.0,,,,,,,,,,,,,,,,,,,,,,,
generic_jaccard_tree_to_path,fast_dense,,,,,,,,,,,,,,,,,,,,,,,,,,,,,,,,,,,,,,,,,,,,,,,
generic_jaccard_tree_to_path,sparse_closure,5.0,0.00014290399849414825,95.0,1.0,,,,,,,,2.1690211724489927e-06,500.0,32.0,95.0,95.0,8.622099994681776e-05,1.0,5.0,1.8428571428571427,0.004763764998642728,0.005088334990432486,6.463000318035483e-06,8133.0,,,,,,,,,,8488.0,,,,,,,,,,,,,
generic_jaccard_tree_to_path,sparse_chain,5.0,0.0003153510042466223,95.0,1.0,95.0,95.0,93.0,242.0,34.0,95.0,212.0,1.828011590987444e-06,500.0,32.0,95.0,95.0,0.0001653960207477212,1.0,5.0,1.8428571428571427,0.00025659200036898255,0.0007879330078139901,5.67000824958086e-07,,,,,,,,,,,,,,,,,,,,,,,,
generic_jaccard_tree_to_path,fast_sparse,,,,,,,,,,,,,,,,,,,,,,,,,,,,,,,,,,,,,,,,,,,,,,,
generic_jaccard_tree_to_path,beam_local,5.0,0.023501152958488092,10804.0,1.0,,,,,,,,2.3269967641681433e-06,500.0,32.0,10804.0,63.0,7.353900582529604e-05,1.0,5.0,1.8428571428571427,0.0036639229801949114,0.027474814996821806,3.403984010219574e-06,,200.0,,78.0,11051.0,79.0,200.0,11379.0,32656.0,11050.0,,,,,,,,,,,,,,
generic_jaccard_tree_to_path,beam_local_capped,5.0,0.023070738971000537,10804.0,1.0,,,,,,,,2.062006387859583e-06,500.0,32.0,10804.0,63.0,6.908300565555692e-05,1.0,5.0,1.8428571428571427,0.0036328920687083155,0.02698581901495345,3.196008037775755e-06,,200.0,16.0,78.0,11051.0,79.0,200.0,11379.0,32656.0,11050.0,,,,,,,,,,,,,,
generic_jaccard_tree_to_path,beam_partial_score,5.0,0.004427063890034333,297.0,1.0,,,,,,,,2.0439911168068647e-06,500.0,32.0,333.0,297.0,0.012547981983516365,1.0,5.0,1.7833333333333332,0.00021748110884800553,0.01713853600085713,8.920032996684313e-07,,,,,,6.0,64.0,157.0,297.0,157.0,,,,15552.0,0.0,0.0,,,,,,,,
generic_jaccard_tree_to_path,fast_beam_partial,,,,,,,,,,,,,,,,,,,,,,,,,,,,,,,,,,,,,,,,,,,,,,,
