regime,algorithm,algorithm_family,algorithm_exact,algorithm_kwargs,score_mode,n_queries,n_templates,n_pairs,query_nodes,template_nodes,dense_cells_total,posting_hits_total,score_matrix_seconds_median,pairs_per_second,matrix_score_sum,status,preparation_kind,matcher_construction_seconds,encoder_fit_seconds,query_preparation_seconds,template_preparation_seconds,one_time_preparation_seconds,score_matrix_seconds_min,score_matrix_seconds_max,score_matrix_seconds_mean,score_matrix_seconds_q25,score_matrix_seconds_q75,score_matrix_seconds_std,score_matrix_seconds_mad,score_matrix_seconds_sample_count,score_matrix_seconds_samples,setup_plus_one_matrix_seconds,queries_per_second,seconds_per_pair,seconds_per_query,matrix_score_mean,matrix_score_max,matrix_nonzero_fraction,repeat_matrix_max_abs_difference,score_matrix_shape,validation_pairs_checked,validation_paths_valid,validation_reported_scores_valid,prepared_validation_applicable,prepared_validation_passed,prepared_validation_max_score_difference,prepared_validation_path_mismatches,diagnostic_pairs_checked,sample_median_diag_candidate_generation_seconds,sample_mean_diag_candidate_generation_seconds,sample_median_diag_candidate_pairs_generated,sample_mean_diag_candidate_pairs_generated,sample_median_diag_directions,sample_mean_diag_directions,sample_median_diag_extra_candidate_pairs_after_deduplication,sample_mean_diag_extra_candidate_pairs_after_deduplication,sample_median_diag_extra_candidate_states_created,sample_mean_diag_extra_candidate_states_created,sample_median_diag_extra_segment_tree_interval_insertions,sample_mean_diag_extra_segment_tree_interval_insertions,sample_median_diag_extra_segment_tree_node_update_attempts,sample_mean_diag_extra_segment_tree_node_update_attempts,sample_median_diag_extra_segment_tree_peak_rollback_history,sample_mean_diag_extra_segment_tree_peak_rollback_history,sample_median_diag_extra_segment_tree_point_queries,sample_mean_diag_extra_segment_tree_point_queries,sample_median_diag_extra_segment_tree_successful_node_updates,sample_mean_diag_extra_segment_tree_successful_node_updates,sample_median_diag_input_preprocessing_seconds,sample_mean_diag_input_preprocessing_seconds,sample_median_diag_n_g,sample_mean_diag_n_g,sample_median_diag_n_h,sample_mean_diag_n_h,sample_median_diag_node_pair_score_evaluations,sample_mean_diag_node_pair_score_evaluations,sample_median_diag_positive_candidate_pairs,sample_mean_diag_positive_candidate_pairs,sample_median_diag_preprocessing_seconds,sample_mean_diag_preprocessing_seconds,sample_median_diag_restarts,sample_mean_diag_restarts,sample_median_diag_result_length,sample_mean_diag_result_length,sample_median_diag_result_score,sample_mean_diag_result_score,sample_median_diag_search_seconds,sample_mean_diag_search_seconds,sample_median_diag_total_seconds,sample_mean_diag_total_seconds,sample_median_diag_traceback_seconds,sample_mean_diag_traceback_seconds,cold_matcher_construction_seconds,cold_encoder_fit_seconds,cold_query_preparation_seconds,cold_template_preparation_seconds,cold_one_time_preparation_seconds,cold_score_matrix_seconds,cold_setup_plus_one_matrix_seconds,cold_matrix_score_sum,cold_matrix_max_abs_difference_from_warm,execution_mode,thread_count_requested,thread_settings_enforced,timeout_seconds,fresh_process_total_seconds,fresh_process_task_seconds,fresh_process_overhead_seconds,peak_rss_bytes,peak_rss_mib,peak_rss_semantics,isolated_process_exit_code,worker_thread_environment,regime_order,algorithm_config_index,execution_order_position,corpus_generation_seconds,sample_median_diag_dp_cells_computed,sample_mean_diag_dp_cells_computed,sample_median_diag_extra_beam_width,sample_mean_diag_extra_beam_width,sample_median_diag_extra_child_cap,sample_mean_diag_extra_child_cap,sample_median_diag_extra_maximum_product_layer,sample_mean_diag_extra_maximum_product_layer,sample_median_diag_extra_permanent_state_pool_size,sample_mean_diag_extra_permanent_state_pool_size,sample_median_diag_layers_processed,sample_mean_diag_layers_processed,sample_median_diag_peak_frontier_size,sample_mean_diag_peak_frontier_size,sample_median_diag_states_after_endpoint_pruning,sample_mean_diag_states_after_endpoint_pruning,sample_median_diag_states_generated,sample_mean_diag_states_generated,sample_median_diag_states_retained,sample_mean_diag_states_retained,sample_median_diag_extra_stored_score_cells,sample_mean_diag_extra_stored_score_cells,sample_median_diag_extra_candidate_pairs_after_token_deduplication,sample_mean_diag_extra_candidate_pairs_after_token_deduplication,sample_median_diag_extra_posting_hits,sample_mean_diag_extra_posting_hits,skip_reason,execution_skipped_before_worker,sample_median_diag_extra_label_pair_preprocessing_score_evaluations,sample_mean_diag_extra_label_pair_preprocessing_score_evaluations,sample_median_diag_extra_lookahead_score_evaluations,sample_mean_diag_extra_lookahead_score_evaluations,sample_median_diag_extra_selected_restart,sample_mean_diag_extra_selected_restart,sample_median_diag_extra_duplicate_pairs_skipped,sample_mean_diag_extra_duplicate_pairs_skipped,sample_median_diag_extra_expansion_width,sample_mean_diag_extra_expansion_width,sample_median_diag_extra_max_nodes_per_token_side,sample_mean_diag_extra_max_nodes_per_token_side,sample_median_diag_extra_max_token_types_per_expansion,sample_mean_diag_extra_max_token_types_per_expansion,sample_median_diag_extra_maximum_matching_length,sample_mean_diag_extra_maximum_matching_length,sample_median_diag_extra_positive_token_types,sample_mean_diag_extra_positive_token_types,sample_median_diag_extra_posting_pair_attempts,sample_mean_diag_extra_posting_pair_attempts,sample_median_diag_extra_token_ranges_scanned,sample_mean_diag_extra_token_ranges_scanned,oracle_status,oracle_valid,score_consistent_with_oracle,exact_method_count,exact_matrix_max_abs_difference,matrix_total_accuracy,mean_pair_accuracy,median_pair_accuracy,min_pair_accuracy,exact_pair_fraction,throughput_timing_score,throughput_accuracy_harmonic_score,quality_floor,completed,timed_out,quality_eligible,throughput_frontier,score_matrix_relative_iqr,expected_algorithm,observed_fastest_quality_eligible,observed_best_harmonic_score
equality_tree_to_path_common_labels,exact_dense,generic,True,"{""method"": ""exact""}",equality,80,24,1920,40000,768,30720000,4515149,,,,skipped,,,,,,,,,,,,,,,,,,,,,,,,,,,,,,,,,,,,,,,,,,,,,,,,,,,,,,,,,,,,,,,,,,,,,,,,,,,,,,,,,,,,,,isolated,1,False,1800.0,,,,,,,,,0,0,5,0.9982194640033413,,,,,,,,,,,,,,,,,,,,,,,,,,,total_generic_dense_cell_limit:30720000>12000000,True,,,,,,,,,,,,,,,,,,,,,,,exact_agreement,True,,4.0,0.0,,,,,,,,0.99,False,False,False,False,,fast_dense,fast_dense,fast_dense
equality_tree_to_path_common_labels,fast_dense,fast_dense,True,{},equality,80,24,1920,40000,768,30720000,4515149,0.12308139700326137,15599.432950449242,24338.0,ok,shared_encoder_plus_encoded_trees,3.3913005609065294e-05,0.007894423994002864,0.012864004005677998,0.00027710298309102654,0.021069443988380954,0.1226141779916361,0.12467781899613328,0.12340218299650588,0.12302123100380413,0.12361628998769447,0.0007971933531343507,0.000467219011625275,5.0,"[0.12467781899613328, 0.12302123100380413, 0.1226141779916361, 0.12308139700326137, 0.12361628998769447]",0.14415084099164233,649.976372935385,6.410489427253197e-05,0.001538517462540767,12.676041666666666,17.0,1.0,0.0,"[80, 24]",5.0,True,True,True,True,0.0,0.0,5.0,0.0,0.0,,,1.0,1.0,,,,,,,,,,,,,,,0.0,0.0,500.0,500.0,32.0,32.0,16000.0,16000.0,,,4.1000021155923605e-06,4.178797826170921e-06,1.0,1.0,13.0,12.8,13.0,12.8,4.790202365256846e-05,4.735840484499931e-05,6.690900772809982e-05,6.966260261833667e-05,1.0182004189118743e-05,9.638792835175992e-06,2.5229004677385092e-05,0.007799396989867091,0.012718835001578555,0.00028005699277855456,0.020823517988901585,0.22172875600517727,0.24255227399407886,24338.0,0.0,isolated,1,True,1800.0,1.1665344139910303,0.8836227960127871,0.28291161797824316,201990144.0,192.6328125,resource.ru_maxrss_kib_converted_to_bytes,0.0,"{""BLIS_NUM_THREADS"": ""1"", ""MKL_DYNAMIC"": ""FALSE"", ""MKL_NUM_THREADS"": ""1"", ""NUMBA_NUM_THREADS"": ""1"", ""NUMEXPR_NUM_THREADS"": ""1"", ""OMP_DYNAMIC"": ""FALSE"", ""OMP_NUM_THREADS"": ""1"", ""OPENBLAS_NUM_THREADS"": ""1"", ""PYTHONHASHSEED"": ""0"", ""VECLIB_MAXIMUM_THREADS"": ""1""}",0,1,1,0.9982194640033413,16000.0,16000.0,,,,,,,,,,,,,,,,,,,,,,,,,,,,,,,,,,,,,,,,,,,,,,,,,exact_agreement,True,True,4.0,0.0,1.0,1.0,1.0,1.0,1.0,1.0,1.0,0.99,True,False,True,True,0.004834678500395735,fast_dense,fast_dense,fast_dense
equality_tree_to_path_common_labels,sparse_closure,generic_sparse,True,"{""method"": ""sparse""}",equality,80,24,1920,40000,768,30720000,4515149,16.07296067502466,119.45527888856445,24338.0,ok,bucket_indices_and_tree_intervals,2.8021982870996e-05,0.0,0.029961033986182883,0.0007990669982973486,0.030788122967351228,16.03935993099003,16.40645860598306,16.1432150625973,16.041205626999727,16.156090473989025,0.154588511570316,0.033600744034629315,5.0,"[16.40645860598306, 16.156090473989025, 16.07296067502466, 16.041205626999727, 16.03935993099003]",16.10374879799201,4.977303287023519,0.008371333684908677,0.20091200843780826,12.676041666666666,17.0,1.0,0.0,"[80, 24]",5.0,True,True,True,True,0.0,0.0,5.0,0.00017258001025766134,0.0001727617986034602,2463.0,2435.2,1.0,1.0,,,,,,,,,,,,,,,2.268003299832344e-06,3.2971962355077268e-06,500.0,500.0,32.0,32.0,2463.0,2435.2,2463.0,2435.2,0.00014249997911974788,0.00014223179896362127,1.0,1.0,13.0,12.8,13.0,12.8,0.008516460016835481,0.008480964606860653,0.008917575993109494,0.008898650202900172,5.337002221494913e-06,5.053798668086529e-06,2.0717998268082738e-05,0.0,0.031690072995843366,0.0008177499985322356,0.032528540992643684,16.362507743004244,16.395036283996888,24338.0,0.0,isolated,1,True,1800.0,97.53186628399999,97.29402668599505,0.23783959800493903,200114176.0,190.84375,resource.ru_maxrss_kib_converted_to_bytes,0.0,"{""BLIS_NUM_THREADS"": ""1"", ""MKL_DYNAMIC"": ""FALSE"", ""MKL_NUM_THREADS"": ""1"", ""NUMBA_NUM_THREADS"": ""1"", ""NUMEXPR_NUM_THREADS"": ""1"", ""OMP_DYNAMIC"": ""FALSE"", ""OMP_NUM_THREADS"": ""1"", ""OPENBLAS_NUM_THREADS"": ""1"", ""PYTHONHASHSEED"": ""0"", ""VECLIB_MAXIMUM_THREADS"": ""1""}",0,2,3,0.9982194640033413,13574.0,13741.0,,,,,,,,,,,,,,,,,,,14091.0,14253.2,,,,,,,,,,,,,,,,,,,,,,,,,,,,,exact_agreement,True,True,4.0,0.0,1.0,1.0,1.0,1.0,1.0,0.007657668023447244,0.015198947552233697,0.99,True,False,True,False,0.007147709081862852,fast_dense,fast_dense,fast_dense
equality_tree_to_path_common_labels,sparse_chain,generic_sparse,True,"{""method"": ""sparse_chain""}",equality,80,24,1920,40000,768,30720000,4515149,9.612663604988484,199.73652245602537,24338.0,ok,bucket_indices_and_tree_intervals,3.1005998607724905e-05,0.0,0.029311317019164562,0.0007632990018464625,0.03010562201961875,9.571095550985774,9.641988016985124,9.609037742193323,9.602636786992662,9.61680475101457,0.025689375318431407,0.010026817995822057,5.0,"[9.571095550985774, 9.61680475101457, 9.641988016985124, 9.612663604988484, 9.602636786992662]",9.642769227008102,8.32235510233439,0.005006595627598169,0.12015829506235605,12.676041666666666,17.0,1.0,0.0,"[80, 24]",5.0,True,True,True,True,0.0,0.0,5.0,0.0007863250211812556,0.0007837406010366976,2463.0,2435.2,1.0,1.0,2463.0,2435.2,2463.0,2435.2,2456.0,2415.2,6995.0,6740.4,122.0,117.6,2463.0,2435.2,2340.0,2107.6,2.196000423282385e-06,3.3008051104843617e-06,500.0,500.0,32.0,32.0,2463.0,2435.2,2463.0,2435.2,0.000869606010382995,0.0008628564071841538,1.0,1.0,13.0,12.8,13.0,12.8,0.003711151977768168,0.0035580099967774,0.00545466601033695,0.00529764081002213,1.0030053090304136e-06,1.0085990652441978e-06,2.7828995371237397e-05,0.0,0.033052070008125156,0.0008463839767500758,0.03392628298024647,9.369081791024655,9.403008074004902,24338.0,0.0,isolated,1,True,1800.0,57.823486168985255,57.56988315397757,0.253603015007684,200114176.0,190.84375,resource.ru_maxrss_kib_converted_to_bytes,0.0,"{""BLIS_NUM_THREADS"": ""1"", ""MKL_DYNAMIC"": ""FALSE"", ""MKL_NUM_THREADS"": ""1"", ""NUMBA_NUM_THREADS"": ""1"", ""NUMEXPR_NUM_THREADS"": ""1"", ""OMP_DYNAMIC"": ""FALSE"", ""OMP_NUM_THREADS"": ""1"", ""OPENBLAS_NUM_THREADS"": ""1"", ""PYTHONHASHSEED"": ""0"", ""VECLIB_MAXIMUM_THREADS"": ""1""}",0,3,0,0.9982194640033413,,,,,,,,,,,,,,,,,,,,,,,,,,,,,,,,,,,,,,,,,,,,,,,,,,,exact_agreement,True,True,4.0,0.0,1.0,1.0,1.0,1.0,1.0,0.012804088654406713,0.025284433184739597,0.99,True,False,True,False,0.0014738853458427137,fast_dense,fast_dense,fast_dense
equality_tree_to_path_common_labels,fast_sparse,fast_sparse,True,{},equality,80,24,1920,40000,768,30720000,4515149,8.23045846700552,233.27983583137527,24338.0,ok,shared_encoder_plus_sparse_indices,2.9126997105777264e-05,0.008098263991996646,0.03641074898769148,0.0007625949801877141,0.045300734956981614,7.98610895301681,8.249674219987355,8.183812173403567,8.214530761004426,8.238288466003723,0.11125595188342584,0.01592770600109361,5.0,"[8.238288466003723, 8.249674219987355, 8.214530761004426, 7.98610895301681, 8.23045846700552]",8.2757592019625,9.719993159640635,0.004286697118232041,0.10288073083756899,12.676041666666666,17.0,1.0,0.0,"[80, 24]",5.0,True,True,True,True,0.0,0.0,5.0,0.00011415602057240903,0.00011525919544510543,2463.0,2435.2,1.0,1.0,2463.0,2435.2,2463.0,2435.2,2456.0,2415.2,6995.0,6740.4,122.0,117.6,2463.0,2435.2,2340.0,2107.6,0.0,0.0,500.0,500.0,32.0,32.0,2463.0,2435.2,2463.0,2435.2,0.0008291149861179292,0.0008222589909564704,1.0,1.0,13.0,12.8,13.0,12.8,0.0035948940203525126,0.0034780128102283926,0.0046321830013766885,0.0045144059986341745,9.149953257292509e-07,9.191979188472033e-07,2.4795997887849808e-05,0.007953852997161448,0.03720217099180445,0.0008465669816359878,0.046027386968489736,8.215679034008645,8.261706420977134,24338.0,0.0,isolated,1,True,1800.0,49.54667024500668,49.30683205497917,0.2398381900275126,200114176.0,190.84375,resource.ru_maxrss_kib_converted_to_bytes,0.0,"{""BLIS_NUM_THREADS"": ""1"", ""MKL_DYNAMIC"": ""FALSE"", ""MKL_NUM_THREADS"": ""1"", ""NUMBA_NUM_THREADS"": ""1"", ""NUMEXPR_NUM_THREADS"": ""1"", ""OMP_DYNAMIC"": ""FALSE"", ""OMP_NUM_THREADS"": ""1"", ""OPENBLAS_NUM_THREADS"": ""1"", ""PYTHONHASHSEED"": ""0"", ""VECLIB_MAXIMUM_THREADS"": ""1""}",0,4,4,0.9982194640033413,,,,,,,,,,,,,,,,,,,,,,,2463.0,2435.2,2463.0,2435.2,,,,,,,,,,,,,,,,,,,,,,,,,exact_agreement,True,True,4.0,0.0,1.0,1.0,1.0,1.0,1.0,0.014954379211883926,0.029468081557510118,0.99,True,False,True,False,0.0028865591260241914,fast_dense,fast_dense,fast_dense
equality_tree_to_path_common_labels,beam_local,generic,False,"{""beam_local_child_cap"": null, ""beam_width"": 200, ""method"": ""beam_local""}",equality,80,24,1920,40000,768,30720000,4515149,30.559806378994836,62.82762319200113,24309.0,ok,none,2.0805979147553444e-05,0.0,0.0,0.0,2.0805979147553444e-05,30.43721925499267,30.593393236980774,30.54335688278661,30.546238874987466,30.58012666797731,0.06204784783191385,0.020320288982475176,5.0,"[30.593393236980774, 30.559806378994836, 30.58012666797731, 30.546238874987466, 30.43721925499267]",30.559827184973983,2.617817633000047,0.015916565822393144,0.3819975797374354,12.6609375,17.0,1.0,0.0,"[80, 24]",5.0,True,True,False,,,,5.0,0.014296996989287436,0.014225914794951677,8100.0,8284.4,1.0,1.0,,,,,,,,,,,,,,,2.095999661833048e-06,3.1557981856167315e-06,500.0,500.0,32.0,32.0,8100.0,8284.4,1361.0,1302.8,6.977899465709925e-05,6.981678889133036e-05,1.0,1.0,13.0,12.8,13.0,12.8,0.003307877021143213,0.0033302802068646995,0.017796280997572467,0.01773513660300523,2.620014129206538e-06,2.6002118829637768e-06,1.950500882230699e-05,0.0,0.0,0.0,1.950500882230699e-05,30.660253316978924,30.660272821987746,24309.0,0.0,isolated,1,True,1800.0,183.8245473219722,183.57948284799932,0.24506447397288866,200310784.0,191.03125,resource.ru_maxrss_kib_converted_to_bytes,0.0,"{""BLIS_NUM_THREADS"": ""1"", ""MKL_DYNAMIC"": ""FALSE"", ""MKL_NUM_THREADS"": ""1"", ""NUMBA_NUM_THREADS"": ""1"", ""NUMEXPR_NUM_THREADS"": ""1"", ""OMP_DYNAMIC"": ""FALSE"", ""OMP_NUM_THREADS"": ""1"", ""OPENBLAS_NUM_THREADS"": ""1"", ""PYTHONHASHSEED"": ""0"", ""VECLIB_MAXIMUM_THREADS"": ""1""}",0,5,8,0.9982194640033413,,,200.0,200.0,,,51.0,51.0,8239.0,8268.4,52.0,52.0,200.0,200.0,9602.0,9687.2,24410.0,24809.4,8238.0,8267.4,,,,,,,,,,,,,,,,,,,,,,,,,,,,,,,exact_agreement,True,True,4.0,0.0,0.9988084476949626,0.9987151563714064,1.0,0.8461538461538461,0.9854166666666667,0.00402755814211771,0.00802276558183997,0.99,True,False,False,False,0.0011089007754033775,fast_dense,fast_dense,fast_dense
equality_tree_to_path_common_labels,beam_local_capped,generic,False,"{""beam_local_child_cap"": 16, ""beam_width"": 200, ""method"": ""beam_local""}",equality,80,24,1920,40000,768,30720000,4515149,30.93113625200931,62.0733743615796,24309.0,ok,none,1.9391998648643494e-05,0.0,0.0,0.0,1.9391998648643494e-05,30.566654914990067,31.017340494989185,30.886193732201356,30.908386686001904,31.007450313016307,0.184743095114899,0.07631406100699678,5.0,"[30.908386686001904, 30.566654914990067, 31.007450313016307, 31.017340494989185, 30.93113625200931]",30.93115564400796,2.58639059839915,0.016109966797921517,0.38663920315011635,12.6609375,17.0,1.0,0.0,"[80, 24]",5.0,True,True,False,,,,5.0,0.014451512950472534,0.01445015358622186,8100.0,8284.4,1.0,1.0,,,,,,,,,,,,,,,1.8420105334371328e-06,3.083201590925455e-06,500.0,500.0,32.0,32.0,8100.0,8284.4,1361.0,1302.8,7.095499313436449e-05,7.116679335013032e-05,1.0,1.0,13.0,12.8,13.0,12.8,0.003320154035463929,0.0033531992172356694,0.017971252993447706,0.01798874619998969,2.580025466158986e-06,2.573610981926322e-06,1.8027989426627755e-05,0.0,0.0,0.0,1.8027989426627755e-05,31.138932821020717,31.138950849010143,24309.0,0.0,isolated,1,True,1800.0,186.01524609001353,185.77611993200844,0.2391261580050923,200114176.0,190.84375,resource.ru_maxrss_kib_converted_to_bytes,0.0,"{""BLIS_NUM_THREADS"": ""1"", ""MKL_DYNAMIC"": ""FALSE"", ""MKL_NUM_THREADS"": ""1"", ""NUMBA_NUM_THREADS"": ""1"", ""NUMEXPR_NUM_THREADS"": ""1"", ""OMP_DYNAMIC"": ""FALSE"", ""OMP_NUM_THREADS"": ""1"", ""OPENBLAS_NUM_THREADS"": ""1"", ""PYTHONHASHSEED"": ""0"", ""VECLIB_MAXIMUM_THREADS"": ""1""}",0,6,2,0.9982194640033413,,,200.0,200.0,16.0,16.0,51.0,51.0,8239.0,8268.4,52.0,52.0,200.0,200.0,9602.0,9687.2,24410.0,24809.4,8238.0,8267.4,,,,,,,,,,,,,,,,,,,,,,,,,,,,,,,exact_agreement,True,True,4.0,0.0,0.9988084476949626,0.9987151563714064,1.0,0.8461538461538461,0.9854166666666667,0.0039792071005883565,0.007926834057417162,0.99,True,False,False,False,0.003202715419417127,fast_dense,fast_dense,fast_dense
equality_tree_to_path_common_labels,beam_partial_score,generic,False,"{""beam_balance_penalty"": 0.0, ""beam_candidate_future_weight"": 0.0, ""beam_expansion_width"": 64, ""beam_gap_penalty"": 0.0, ""beam_lookahead"": false, ""beam_n_restarts"": 1, ""beam_priority_future_weight"": 0.0, ""beam_priority_length_weight"": 0.0, ""beam_random_fraction"": 0.0, ""beam_rarity_weight"": 0.0, ""beam_symmetric"": false, ""beam_width"": 200, ""candidate_select_mode"": ""first"", ""method"": ""beam"", ""seed"": 0}",equality,80,24,1920,40000,768,30720000,4515149,30.878539276018273,62.17910707619393,16520.0,ok,none,1.8574995920062065e-05,0.0,0.0,0.0,1.8574995920062065e-05,30.514096881001024,31.17732042001444,30.877716142806456,30.700657842011424,31.117966294987127,0.278860245252344,0.2394270189688541,5.0,"[30.700657842011424, 31.17732042001444, 31.117966294987127, 30.878539276018273, 30.514096881001024]",30.878557851014193,2.590796128174747,0.01608257253959285,0.3859817409502284,8.604166666666666,14.0,1.0,0.0,"[80, 24]",5.0,True,True,False,,,,5.0,0.008734026807360351,0.009162958658998832,3215.0,3409.2,1.0,1.0,,,,,,,,,,,,,,,2.189975930377841e-06,3.1233939807862043e-06,500.0,500.0,32.0,32.0,3569.0,3718.6,3215.0,3409.2,0.000488549005240202,0.00048544600722379985,1.0,1.0,7.0,7.6,7.0,7.6,0.0013578191865235567,0.0014396501355804503,0.010664139001164585,0.011157497594831511,1.014996087178588e-06,1.0257994290441274e-06,2.1115003619343042e-05,0.0,0.0,0.0,2.1115003619343042e-05,30.771459083014634,30.771480198018253,16520.0,0.0,isolated,1,True,1800.0,185.53279216200463,185.2910982919857,0.24169387001893483,200114176.0,190.84375,resource.ru_maxrss_kib_converted_to_bytes,0.0,"{""BLIS_NUM_THREADS"": ""1"", ""MKL_DYNAMIC"": ""FALSE"", ""MKL_NUM_THREADS"": ""1"", ""NUMBA_NUM_THREADS"": ""1"", ""NUMEXPR_NUM_THREADS"": ""1"", ""OMP_DYNAMIC"": ""FALSE"", ""OMP_NUM_THREADS"": ""1"", ""OPENBLAS_NUM_THREADS"": ""1"", ""PYTHONHASHSEED"": ""0"", ""VECLIB_MAXIMUM_THREADS"": ""1""}",0,7,6,0.9982194640033413,,,,,,,,,,,8.0,8.6,200.0,194.2,891.0,933.4,3215.0,3409.2,799.0,769.4,,,,,,,,,198.0,205.2,0.0,0.0,0.0,0.0,,,,,,,,,,,,,,,,,exact_agreement,True,True,4.0,0.0,0.678773933766127,0.6813845498863881,0.6666666666666666,0.3333333333333333,0.0046875,0.003985985085079856,0.007925429426745213,0.99,True,False,False,False,0.013514514052800573,fast_dense,fast_dense,fast_dense
equality_tree_to_path_common_labels,fast_beam_partial,fast_beam,False,"{""beam_width"": 200, ""expansion_width"": 64, ""max_nodes_per_token_side"": 8, ""max_token_types_per_expansion"": 2048, ""search"": ""partial""}",equality,80,24,1920,40000,768,30720000,4515149,1.6478948710137047,1165.1228690449832,16520.0,ok,shared_encoder_plus_fast_beam_indices,3.7400983273983e-05,0.007704880990786478,0.06739064198336564,0.0016609159938525409,0.07679383995127864,1.6400444169994444,1.6542287500051316,1.6464385476021561,1.6417480149830226,1.6482766850094777,0.00568051236470432,0.006146856030682102,5.0,"[1.6417480149830226, 1.6542287500051316, 1.6478948710137047, 1.6400444169994444, 1.6482766850094777]",1.7246887109649833,48.54678621020763,0.0008582785786529712,0.02059868588767131,8.604166666666666,14.0,1.0,0.0,"[80, 24]",5.0,True,True,True,True,0.0,0.0,5.0,0.0003220019571017474,0.0003226719738449901,3215.0,3409.2,1.0,1.0,,,,,,,,,,,,,,,0.0,0.0,500.0,500.0,32.0,32.0,3215.0,3409.2,3215.0,3409.2,1.5583005733788013e-05,1.6180600505322217e-05,1.0,1.0,7.0,7.6,7.0,7.6,0.0002710060216486454,0.00027254042797721925,0.0006418849807232618,0.0006418209988623858,1.0020157787948847e-06,1.0032032150775195e-06,2.716202288866043e-05,0.007914034998975694,0.06787248302134685,0.001675917999818921,0.07748959804303013,1.756739429984009,1.834229028027039,16520.0,0.0,isolated,1,True,1800.0,10.440636635001283,10.160338175017387,0.28029845998389646,207261696.0,197.66015625,resource.ru_maxrss_kib_converted_to_bytes,0.0,"{""BLIS_NUM_THREADS"": ""1"", ""MKL_DYNAMIC"": ""FALSE"", ""MKL_NUM_THREADS"": ""1"", ""NUMBA_NUM_THREADS"": ""1"", ""NUMEXPR_NUM_THREADS"": ""1"", ""OMP_DYNAMIC"": ""FALSE"", ""OMP_NUM_THREADS"": ""1"", ""OPENBLAS_NUM_THREADS"": ""1"", ""PYTHONHASHSEED"": ""0"", ""VECLIB_MAXIMUM_THREADS"": ""1""}",0,8,7,0.9982194640033413,,,200.0,200.0,,,,,800.0,770.4,8.0,8.6,200.0,194.2,891.0,933.4,3215.0,3409.2,799.0,769.4,,,,,,,,,,,,,,,0.0,0.0,64.0,64.0,8.0,8.0,2048.0,2048.0,19.0,19.0,11.0,11.4,3215.0,3409.2,8816.0,8856.2,exact_agreement,True,True,4.0,0.0,0.678773933766127,0.6813845498863881,0.6666666666666666,0.3333333333333333,0.0046875,0.07469007833463776,0.13457226216591267,0.99,True,False,False,False,0.003961824350141314,fast_dense,fast_dense,fast_dense
sparse_overlap_tree_template_bank,exact_dense,generic,True,"{""method"": ""exact""}",overlap,10,8,80,60000,24000,1440000000,308708,,,,skipped,,,,,,,,,,,,,,,,,,,,,,,,,,,,,,,,,,,,,,,,,,,,,,,,,,,,,,,,,,,,,,,,,,,,,,,,,,,,,,,,,,,,,,isolated,1,False,1800.0,,,,,,,,,1,0,6,4.4333212159981485,,,,,,,,,,,,,,,,,,,,,,,,,,,total_generic_dense_cell_limit:1440000000>12000000,True,,,,,,,,,,,,,,,,,,,,,,,exact_agreement,True,,3.0,0.0,,,,,,,,0.99,False,False,False,False,,fast_sparse,fast_beam_partial,fast_beam_partial
sparse_overlap_tree_template_bank,fast_dense,fast_dense,True,{},overlap,10,8,80,60000,24000,1440000000,308708,,,,skipped,,,,,,,,,,,,,,,,,,,,,,,,,,,,,,,,,,,,,,,,,,,,,,,,,,,,,,,,,,,,,,,,,,,,,,,,,,,,,,,,,,,,,,isolated,1,False,1800.0,,,,,,,,,1,1,3,4.4333212159981485,,,,,,,,,,,,,,,,,,,,,,,,,,,total_fast_dense_cell_limit:1440000000>500000000,True,,,,,,,,,,,,,,,,,,,,,,,exact_agreement,True,,3.0,0.0,,,,,,,,0.99,False,False,False,False,,fast_sparse,fast_beam_partial,fast_beam_partial
sparse_overlap_tree_template_bank,sparse_closure,generic_sparse,True,"{""method"": ""sparse""}",overlap,10,8,80,60000,24000,1440000000,308708,32.824064707005164,2.437236238537111,2613.0,ok,bucket_indices_and_tree_intervals,4.080499638803303e-05,0.0,0.07777418498881161,0.05348611599765718,0.13130110598285682,32.146145956998225,33.19171022597584,32.70549927959219,32.321099269000115,33.04447623898159,0.4544237371655122,0.36764551897067577,5.0,"[33.19171022597584, 33.04447623898159, 32.824064707005164, 32.321099269000115, 32.146145956998225]",32.95536581298802,0.30465452981713886,0.41030080883756453,3.2824064707005163,32.6625,45.0,1.0,0.0,"[10, 8]",5.0,True,True,True,True,0.0,0.0,5.0,0.002490306011168286,0.002516694803489372,3831.0,3848.4,1.0,1.0,,,,,,,,,,,,,,,5.512003554031253e-06,6.550009129568935e-06,6000.0,6000.0,3000.0,3000.0,3831.0,3848.4,3831.0,3848.4,0.0013263700238894671,0.0013252414122689516,1.0,1.0,7.0,6.8,35.0,34.0,0.41733345499960706,0.41461726020206696,0.4282309520058334,0.4256118457997218,9.506999049335718e-06,9.52079426497221e-06,2.584399771876633e-05,0.0,0.08069318099296652,0.028317043994320557,0.10903606898500584,33.12991611598409,33.238952184969094,2613.0,0.0,isolated,1,True,1800.0,204.30514074402163,204.04836127799354,0.25677946602809243,240058368.0,228.9375,resource.ru_maxrss_kib_converted_to_bytes,0.0,"{""BLIS_NUM_THREADS"": ""1"", ""MKL_DYNAMIC"": ""FALSE"", ""MKL_NUM_THREADS"": ""1"", ""NUMBA_NUM_THREADS"": ""1"", ""NUMEXPR_NUM_THREADS"": ""1"", ""OMP_DYNAMIC"": ""FALSE"", ""OMP_NUM_THREADS"": ""1"", ""OPENBLAS_NUM_THREADS"": ""1"", ""PYTHONHASHSEED"": ""0"", ""VECLIB_MAXIMUM_THREADS"": ""1""}",1,2,0,4.4333212159981485,582707.0,584095.6,,,,,,,,,,,,,,,,,,,589866.0,591354.2,,,,,,,,,,,,,,,,,,,,,,,,,,,,,exact_agreement,True,True,3.0,0.0,1.0,1.0,1.0,1.0,1.0,0.01826311809213755,0.03587111772516347,0.99,True,False,True,False,0.02203800706702522,fast_sparse,fast_beam_partial,fast_beam_partial
sparse_overlap_tree_template_bank,sparse_chain,generic_sparse,True,"{""method"": ""sparse_chain""}",overlap,10,8,80,60000,24000,1440000000,308708,1.7196010829939041,46.522417781173026,2613.0,ok,bucket_indices_and_tree_intervals,3.164002555422485e-05,0.0,0.07507278499542736,0.026145762007217854,0.10125018702819943,1.7191188069991767,1.7449938399950042,1.7248462659947108,1.719423503993312,1.7210940959921572,0.011288551687513483,0.000482275994727388,5.0,"[1.7191188069991767, 1.7449938399950042, 1.719423503993312, 1.7210940959921572, 1.7196010829939041]",1.8208512700221036,5.815302222646628,0.0214950135374238,0.1719601082993904,32.6625,45.0,1.0,0.0,"[10, 8]",5.0,True,True,True,True,0.0,0.0,5.0,0.006521086004795507,0.0065303283976390954,3831.0,3848.4,1.0,1.0,3831.0,3848.4,3831.0,3848.4,2657.0,2658.6,8038.0,8068.0,135.0,142.8,3831.0,3848.4,7807.0,7844.6,2.910004695877433e-06,4.148203879594803e-06,6000.0,6000.0,3000.0,3000.0,3831.0,3848.4,3831.0,3848.4,0.0034558640036266297,0.008137456205440685,1.0,1.0,7.0,6.8,35.0,34.0,0.009495331003563479,0.009549443406285718,0.01996079701348208,0.02465185320470482,1.0110088624060154e-06,1.0198040399700402e-06,2.680500620044768e-05,0.0,0.0796141900063958,0.027625274000456557,0.1072662690130528,1.7126592990243807,1.8199255680374335,2613.0,0.0,isolated,1,True,1800.0,11.265447581012268,11.010943555011181,0.25450402600108646,232153088.0,221.3984375,resource.ru_maxrss_kib_converted_to_bytes,0.0,"{""BLIS_NUM_THREADS"": ""1"", ""MKL_DYNAMIC"": ""FALSE"", ""MKL_NUM_THREADS"": ""1"", ""NUMBA_NUM_THREADS"": ""1"", ""NUMEXPR_NUM_THREADS"": ""1"", ""OMP_DYNAMIC"": ""FALSE"", ""OMP_NUM_THREADS"": ""1"", ""OPENBLAS_NUM_THREADS"": ""1"", ""PYTHONHASHSEED"": ""0"", ""VECLIB_MAXIMUM_THREADS"": ""1""}",1,3,1,4.4333212159981485,,,,,,,,,,,,,,,,,,,,,,,,,,,,,,,,,,,,,,,,,,,,,,,,,,,exact_agreement,True,True,3.0,0.0,1.0,1.0,1.0,1.0,1.0,0.34860978859369834,0.5169913366226138,0.99,True,False,True,False,0.0009714997364020973,fast_sparse,fast_beam_partial,fast_beam_partial
sparse_overlap_tree_template_bank,fast_sparse,fast_sparse,True,{},overlap,10,8,80,60000,24000,1440000000,308708,1.45667806599522,54.91947868751839,2613.0,ok,shared_encoder_plus_sparse_indices,0.00011812799493782222,0.062212261982494965,0.13820617401506752,0.06580514399684034,0.26634170798934065,1.4539853740134276,1.4699499400157947,1.4590330496022943,1.4564090489875525,1.4581428189994767,0.006282542532541341,0.001464753004256636,5.0,"[1.4581428189994767, 1.4564090489875525, 1.4539853740134276, 1.4699499400157947, 1.45667806599522]",1.7230197739845607,6.864934835939799,0.01820847582494025,0.145667806599522,32.6625,45.0,1.0,0.0,"[10, 8]",5.0,True,True,True,True,0.0,0.0,5.0,0.004673863004427403,0.004717419802909717,3831.0,3848.4,1.0,1.0,3831.0,3848.4,3831.0,3848.4,2657.0,2658.6,8038.0,8068.0,135.0,142.8,3831.0,3848.4,7807.0,7844.6,0.0,0.0,6000.0,6000.0,3000.0,3000.0,3831.0,3848.4,3831.0,3848.4,0.0034778359986376017,0.003456302004633471,1.0,1.0,7.0,6.8,35.0,34.0,0.009645909012760967,0.009641830791952088,0.018328059988562018,0.018291351397056132,9.469804354012012e-07,9.453971870243549e-07,0.00035409300471656024,0.062073805020190775,0.14264900499256328,0.05269255500752479,0.2577694580249954,1.4175075500097591,1.6752770080347545,2613.0,0.0,isolated,1,True,1800.0,9.903139623987954,9.649307543993928,0.25383207999402657,232153088.0,221.3984375,resource.ru_maxrss_kib_converted_to_bytes,0.0,"{""BLIS_NUM_THREADS"": ""1"", ""MKL_DYNAMIC"": ""FALSE"", ""MKL_NUM_THREADS"": ""1"", ""NUMBA_NUM_THREADS"": ""1"", ""NUMEXPR_NUM_THREADS"": ""1"", ""OMP_DYNAMIC"": ""FALSE"", ""OMP_NUM_THREADS"": ""1"", ""OPENBLAS_NUM_THREADS"": ""1"", ""PYTHONHASHSEED"": ""0"", ""VECLIB_MAXIMUM_THREADS"": ""1""}",1,4,8,4.4333212159981485,,,,,,,,,,,,,,,,,,,,,,,3831.0,3848.4,3831.0,3848.6,,,,,,,,,,,,,,,,,,,,,,,,,exact_agreement,True,True,3.0,0.0,1.0,1.0,1.0,1.0,1.0,0.4115320907220736,0.5830998720143203,0.99,True,False,True,False,0.0011902218152366252,fast_sparse,fast_beam_partial,fast_beam_partial
sparse_overlap_tree_template_bank,beam_local,generic,False,"{""beam_local_child_cap"": null, ""beam_width"": 200, ""method"": ""beam_local""}",overlap,10,8,80,60000,24000,1440000000,308708,7.669465956016211,10.43097400246559,1312.0,ok,none,1.593801425769925e-05,0.0,0.0,0.0,1.593801425769925e-05,7.5875901249819435,7.702970415994059,7.659361807000823,7.6399216540157795,7.6968608839961234,0.04727335208405113,0.029544302000431344,5.0,"[7.5875901249819435, 7.6399216540157795, 7.702970415994059, 7.669465956016211, 7.6968608839961234]",7.6694818940304685,1.3038717503081987,0.09586832445020263,0.766946595601621,16.4,40.0,1.0,0.0,"[10, 8]",5.0,True,True,False,,,,5.0,0.08311951215728186,0.07525109120178967,49570.0,43291.0,1.0,1.0,,,,,,,,,,,,,,,2.1460000425577164e-06,3.007205668836832e-06,6000.0,6000.0,3000.0,3000.0,49570.0,43291.0,21.0,16.6,0.0014367929834406823,0.0014471775910351425,1.0,1.0,3.0,3.8,7.0,15.8,0.007675563858356327,0.007180617412086576,0.09238607899169438,0.08404794699745252,1.5120021998882294e-06,1.8178019672632217e-06,2.0287989173084497e-05,0.0,0.0,0.0,2.0287989173084497e-05,7.566043487022398,7.566063775011571,1312.0,0.0,isolated,1,True,1800.0,47.06597988199792,46.81742297200253,0.24855690999538638,232153088.0,221.3984375,resource.ru_maxrss_kib_converted_to_bytes,0.0,"{""BLIS_NUM_THREADS"": ""1"", ""MKL_DYNAMIC"": ""FALSE"", ""MKL_NUM_THREADS"": ""1"", ""NUMBA_NUM_THREADS"": ""1"", ""NUMEXPR_NUM_THREADS"": ""1"", ""OMP_DYNAMIC"": ""FALSE"", ""OMP_NUM_THREADS"": ""1"", ""OPENBLAS_NUM_THREADS"": ""1"", ""PYTHONHASHSEED"": ""0"", ""VECLIB_MAXIMUM_THREADS"": ""1""}",1,5,7,4.4333212159981485,,,200.0,200.0,,,50.0,50.0,8872.0,8581.2,51.0,48.4,200.0,200.0,53926.0,46721.4,103535.0,90606.4,8871.0,8580.2,,,,,,,,,,,,,,,,,,,,,,,,,,,,,,,exact_agreement,True,True,3.0,0.0,0.5021048603138155,0.4948065451573516,0.23333333333333334,0.08,0.2125,0.07816316982771838,0.13526889447436563,0.99,True,False,False,False,0.007424145345567214,fast_sparse,fast_beam_partial,fast_beam_partial
sparse_overlap_tree_template_bank,beam_local_capped,generic,False,"{""beam_local_child_cap"": 16, ""beam_width"": 200, ""method"": ""beam_local""}",overlap,10,8,80,60000,24000,1440000000,308708,3.4114038920088205,23.450755915299034,488.0,ok,none,1.9071012502536178e-05,0.0,0.0,0.0,1.9071012502536178e-05,3.3421826389967464,3.4282128119957633,3.394027327204822,3.365190494019771,3.423146799003007,0.0382033069776674,0.016808919986942783,5.0,"[3.423146799003007, 3.4282128119957633, 3.4114038920088205, 3.365190494019771, 3.3421826389967464]",3.411422963021323,2.9313444894123792,0.04264254865011026,0.3411403892008821,6.1,35.0,0.9875,0.0,"[10, 8]",5.0,True,True,False,,,,5.0,0.03754984991974197,0.03865024478873238,20229.0,19990.8,1.0,1.0,,,,,,,,,,,,,,,2.0930019672960043e-06,3.3194024581462146e-06,6000.0,6000.0,3000.0,3000.0,20229.0,19990.8,5.0,5.8,0.0014470599999185652,0.0014527885999996216,1.0,1.0,2.0,1.8,2.0,3.4,0.004832284001167864,0.005016038013854996,0.04482470601215027,0.04531060120207257,1.781008904799819e-06,1.743406755849719e-06,2.3219006834551692e-05,0.0,0.0,0.0,2.3219006834551692e-05,3.426208985998528,3.4262322050053626,488.0,0.0,isolated,1,True,1800.0,21.173159935016884,20.915278032014612,0.25788190300227143,232153088.0,221.3984375,resource.ru_maxrss_kib_converted_to_bytes,0.0,"{""BLIS_NUM_THREADS"": ""1"", ""MKL_DYNAMIC"": ""FALSE"", ""MKL_NUM_THREADS"": ""1"", ""NUMBA_NUM_THREADS"": ""1"", ""NUMEXPR_NUM_THREADS"": ""1"", ""OMP_DYNAMIC"": ""FALSE"", ""OMP_NUM_THREADS"": ""1"", ""OPENBLAS_NUM_THREADS"": ""1"", ""PYTHONHASHSEED"": ""0"", ""VECLIB_MAXIMUM_THREADS"": ""1""}",1,6,2,4.4333212159981485,,,200.0,200.0,16.0,16.0,50.0,50.0,7420.0,7160.2,51.0,47.8,200.0,200.0,22388.0,23115.6,46544.0,46771.0,7419.0,7159.2,,,,,,,,,,,,,,,,,,,,,,,,,,,,,,,exact_agreement,True,True,3.0,0.0,0.18675851511672406,0.19081953798889284,0.17142857142857143,0.0,0.0125,0.17572524068822562,0.18107396259225048,0.99,True,False,False,False,0.016988989523931176,fast_sparse,fast_beam_partial,fast_beam_partial
sparse_overlap_tree_template_bank,beam_partial_score,generic,False,"{""beam_balance_penalty"": 0.0, ""beam_candidate_future_weight"": 0.0, ""beam_expansion_width"": 64, ""beam_gap_penalty"": 0.0, ""beam_lookahead"": false, ""beam_n_restarts"": 1, ""beam_priority_future_weight"": 0.0, ""beam_priority_length_weight"": 0.0, ""beam_random_fraction"": 0.0, ""beam_rarity_weight"": 0.0, ""beam_symmetric"": false, ""beam_width"": 200, ""candidate_select_mode"": ""first"", ""method"": ""beam"", ""seed"": 0}",overlap,10,8,80,60000,24000,1440000000,308708,20.338745277986163,3.933379316500353,173.00000000000074,ok,none,2.1860003471374512e-05,0.0,0.0,0.0,2.1860003471374512e-05,20.085572451003827,20.456089679006254,20.285034068801906,20.115954778011655,20.42880815800163,0.17406079975714525,0.11734440102009103,5.0,"[20.42880815800163, 20.115954778011655, 20.338745277986163, 20.456089679006254, 20.085572451003827]",20.338767137989635,0.4916724145625441,0.25423431597482704,2.0338745277986163,2.1625000000000094,6.0,1.0,0.0,"[10, 8]",5.0,True,True,False,,,,5.0,0.0058883911406155676,0.005879074102267623,64.0,64.4,1.0,1.0,,,,,,,,,,,,,,,2.4790060706436634e-06,3.2936048228293656e-06,6000.0,6000.0,3000.0,3000.0,399.0,405.4,64.0,64.4,0.2399147179967258,0.2458301631908398,1.0,1.0,1.0,1.2,2.0,2.800000000000144,6.799088441766798e-05,6.810869672335684e-05,0.2464981540106237,0.25264065120718443,6.780028343200684e-07,7.50599429011345e-07,2.6574998628348112e-05,0.0,0.0,0.0,2.6574998628348112e-05,20.606255866994616,20.606282441993244,173.00000000000074,0.0,isolated,1,True,1800.0,125.36446703100228,125.10678263800219,0.2576843930000905,232153088.0,221.3984375,resource.ru_maxrss_kib_converted_to_bytes,0.0,"{""BLIS_NUM_THREADS"": ""1"", ""MKL_DYNAMIC"": ""FALSE"", ""MKL_NUM_THREADS"": ""1"", ""NUMBA_NUM_THREADS"": ""1"", ""NUMEXPR_NUM_THREADS"": ""1"", ""OMP_DYNAMIC"": ""FALSE"", ""OMP_NUM_THREADS"": ""1"", ""OPENBLAS_NUM_THREADS"": ""1"", ""PYTHONHASHSEED"": ""0"", ""VECLIB_MAXIMUM_THREADS"": ""1""}",1,7,5,4.4333212159981485,,,,,,,,,,,2.0,2.4,64.0,64.0,64.0,64.4,64.0,64.4,64.0,64.4,,,,,,,,,99999.0,99998.4,0.0,0.0,0.0,0.0,,,,,,,,,,,,,,,,,exact_agreement,True,True,3.0,0.0,0.06620742441637992,0.06970347640710581,0.04,0.022222222222222223,0.0,0.029474274927708616,0.040789740209070266,0.99,True,False,False,False,0.015382137674372375,fast_sparse,fast_beam_partial,fast_beam_partial
sparse_overlap_tree_template_bank,fast_beam_partial,fast_beam,False,"{""beam_width"": 200, ""expansion_width"": 64, ""max_nodes_per_token_side"": 8, ""max_token_types_per_expansion"": 2048, ""search"": ""partial""}",overlap,10,8,80,60000,24000,1440000000,308708,0.5994697700079996,133.45126643989477,2613.0,ok,shared_encoder_plus_fast_beam_indices,0.00014286101213656366,0.06252337800106034,0.19246811501216143,0.08714081801008433,0.34227517203544267,0.5952482990105636,0.600335274997633,0.5984741688007489,0.597646148991771,0.5996713509957772,0.002060341959198862,0.0008655049896333367,5.0,"[0.5996713509957772, 0.5952482990105636, 0.597646148991771, 0.600335274997633, 0.5994697700079996]",0.9417449420434423,16.681408304986846,0.007493372125099995,0.05994697700079996,32.6625,45.0,1.0,0.0,"[10, 8]",5.0,True,True,True,True,0.0,0.0,5.0,0.0028633530309889466,0.0027667142101563515,1017.0,1146.4,1.0,1.0,,,,,,,,,,,,,,,0.0,0.0,6000.0,6000.0,3000.0,3000.0,1017.0,1146.4,1017.0,1146.4,0.003495240001939237,0.003489973006071523,1.0,1.0,7.0,6.8,35.0,34.0,0.0001654060324653983,0.00017538618412800134,0.007699384004808962,0.0076462558005005125,1.1509982869029045e-06,1.124601112678647e-06,0.0003303920093458146,0.06389103000401519,0.20531504400423728,0.08717822999460623,0.3567146960122045,0.7132560829923023,1.0699707790045068,2613.0,0.0,isolated,1,True,1800.0,5.0045089589839336,4.711800300981849,0.2927086580020841,232153088.0,221.3984375,resource.ru_maxrss_kib_converted_to_bytes,0.0,"{""BLIS_NUM_THREADS"": ""1"", ""MKL_DYNAMIC"": ""FALSE"", ""MKL_NUM_THREADS"": ""1"", ""NUMBA_NUM_THREADS"": ""1"", ""NUMEXPR_NUM_THREADS"": ""1"", ""OMP_DYNAMIC"": ""FALSE"", ""OMP_NUM_THREADS"": ""1"", ""OPENBLAS_NUM_THREADS"": ""1"", ""PYTHONHASHSEED"": ""0"", ""VECLIB_MAXIMUM_THREADS"": ""1""}",1,8,4,4.4333212159981485,,,200.0,200.0,,,,,314.0,338.4,8.0,7.8,178.0,175.2,313.0,339.8,1017.0,1146.4,313.0,337.4,,,,,,,,,,,,,,,0.0,0.0,64.0,64.0,8.0,8.0,2048.0,2048.0,24.0,24.0,2168.0,2174.0,1017.0,1146.4,651185.0,718286.2,exact_agreement,True,True,3.0,0.0,1.0,1.0,1.0,1.0,1.0,1.0,1.0,0.99,True,False,True,True,0.0033783221528903905,fast_sparse,fast_beam_partial,fast_beam_partial
generic_jaccard_tree_to_path,exact_dense,generic,True,"{""method"": ""exact""}",jaccard,40,16,640,20000,512,10240000,63771,8.207977292011492,77.9729252690413,1186.1143206357956,ok,none,1.7607002519071102e-05,0.0,0.0,0.0,1.7607002519071102e-05,8.178169823018834,8.219091901002685,8.202042505011196,8.195765456999652,8.209208052023314,0.01570473608218246,0.011114608991192654,5.0,"[8.219091901002685, 8.207977292011492, 8.209208052023314, 8.195765456999652, 8.178169823018834]",8.207994899014011,4.873307829315081,0.012824964518767957,0.2051994323002873,1.8533036259934306,3.366666555404663,1.0,0.0,"[40, 16]",5.0,True,True,False,,,,5.0,0.0,0.0,,,1.0,1.0,,,,,,,,,,,,,,,1.768989022821188e-06,3.092404222115874e-06,500.0,500.0,32.0,32.0,16000.0,16000.0,95.0,98.8,4.923989763483405e-06,4.917004844173789e-06,1.0,1.0,5.0,5.2,1.8428572416305542,1.7885715007781982,0.012842808006098494,0.012858230411075056,0.012904748000437394,0.012911354604875669,3.473501419648528e-05,3.507800283841789e-05,1.7420999938622117e-05,0.0,0.0,0.0,1.7420999938622117e-05,8.199705742998049,8.199723163997987,1186.1143206357956,0.0,isolated,1,True,1800.0,49.60286331400857,49.364756352006225,0.23810696200234815,232153088.0,221.3984375,resource.ru_maxrss_kib_converted_to_bytes,0.0,"{""BLIS_NUM_THREADS"": ""1"", ""MKL_DYNAMIC"": ""FALSE"", ""MKL_NUM_THREADS"": ""1"", ""NUMBA_NUM_THREADS"": ""1"", ""NUMEXPR_NUM_THREADS"": ""1"", ""OMP_DYNAMIC"": ""FALSE"", ""OMP_NUM_THREADS"": ""1"", ""OPENBLAS_NUM_THREADS"": ""1"", ""PYTHONHASHSEED"": ""0"", ""VECLIB_MAXIMUM_THREADS"": ""1""}",2,0,1,0.4328339690109715,16000.0,16000.0,,,,,,,,,,,,,,,,,,,,,,,,,,,,,,,,,,,,,,,,,,,,,,,,,exact_agreement,True,True,3.0,2.5431315098245477e-07,1.0,1.0,1.0,1.0,1.0,0.05814692524586094,0.10990331088917633,0.99,True,False,True,False,0.0016377475893780812,sparse_chain,sparse_chain,sparse_chain
generic_jaccard_tree_to_path,fast_dense,fast_dense,True,{},jaccard,40,16,640,20000,512,10240000,63771,,,,skipped,,,,,,,,,,,,,,,,,,,,,,,,,,,,,,,,,,,,,,,,,,,,,,,,,,,,,,,,,,,,,,,,,,,,,,,,,,,,,,,,,,,,,,isolated,1,False,1800.0,,,,,,,,,2,1,0,0.4328339690109715,,,,,,,,,,,,,,,,,,,,,,,,,,,incompatible_score_mode:jaccard,True,,,,,,,,,,,,,,,,,,,,,,,exact_agreement,True,,3.0,2.5431315098245477e-07,,,,,,,,0.99,False,False,False,False,,sparse_chain,sparse_chain,sparse_chain
generic_jaccard_tree_to_path,sparse_closure,generic_sparse,True,"{""method"": ""sparse""}",jaccard,40,16,640,20000,512,10240000,63771,3.140053245006129,203.81819990404358,1186.1142857142856,ok,bucket_indices_and_tree_intervals,2.5932007702067494e-05,0.0,0.03443440899718553,0.0007821930048521608,0.03524253400973976,3.075448512012372,3.1449210600112565,3.1233370156085583,3.1157258659950458,3.140536395017989,0.029121986218494125,0.0048678150051273406,5.0,"[3.1449210600112565, 3.140053245006129, 3.140536395017989, 3.075448512012372, 3.1157258659950458]",3.175295779015869,12.738637494002724,0.004906333195322077,0.07850133112515323,1.8533035714285713,3.3666666666666667,1.0,0.0,"[40, 16]",5.0,True,True,True,True,0.0,0.0,5.0,0.00014290399849414825,0.0001438200008124113,95.0,98.8,1.0,1.0,,,,,,,,,,,,,,,2.1690211724489927e-06,3.4950091503560545e-06,500.0,500.0,32.0,32.0,95.0,98.8,95.0,98.8,8.622099994681776e-05,8.657120051793754e-05,1.0,1.0,5.0,5.2,1.8428571428571427,1.7885714285714287,0.004763764998642728,0.004694764799205586,0.005088334990432486,0.005000284808920697,6.463000318035483e-06,6.535195279866457e-06,2.8134993044659495e-05,0.0,0.024624931014841422,0.0008844900003168732,0.025537556008202955,3.1948264859966002,3.220364042004803,1186.1142857142856,0.0,isolated,1,True,1800.0,19.22116610498051,18.961516052979277,0.25965005200123414,232153088.0,221.3984375,resource.ru_maxrss_kib_converted_to_bytes,0.0,"{""BLIS_NUM_THREADS"": ""1"", ""MKL_DYNAMIC"": ""FALSE"", ""MKL_NUM_THREADS"": ""1"", ""NUMBA_NUM_THREADS"": ""1"", ""NUMEXPR_NUM_THREADS"": ""1"", ""OMP_DYNAMIC"": ""FALSE"", ""OMP_NUM_THREADS"": ""1"", ""OPENBLAS_NUM_THREADS"": ""1"", ""PYTHONHASHSEED"": ""0"", ""VECLIB_MAXIMUM_THREADS"": ""1""}",2,2,5,0.4328339690109715,8133.0,8094.4,,,,,,,,,,,,,,,,,,,8488.0,8457.0,,,,,,,,,,,,,,,,,,,,,,,,,,,,,exact_agreement,True,True,3.0,2.5431315098245477e-07,1.0,1.0,1.0,1.0,1.0,0.15199380544815722,0.2638795533957363,0.99,True,False,True,False,0.007901308381442684,sparse_chain,sparse_chain,sparse_chain
generic_jaccard_tree_to_path,sparse_chain,generic_sparse,True,"{""method"": ""sparse_chain""}",jaccard,40,16,640,20000,512,10240000,63771,0.4772686420183163,1340.9638590407087,1186.1142857142856,ok,bucket_indices_and_tree_intervals,2.411298919469118e-05,0.0,0.021794686996145174,0.0010597739892546088,0.022878573974594474,0.47643237697775476,0.4786656810028944,0.477386493596714,0.4772306109953206,0.47733515698928386,0.0008042827192466642,6.65149709675461e-05,5.0,"[0.4772686420183163, 0.47643237697775476, 0.47733515698928386, 0.4786656810028944, 0.4772306109953206]",0.5001472159929108,83.8102411900443,0.0007457322531536192,0.011931716050457907,1.8533035714285713,3.3666666666666667,1.0,0.0,"[40, 16]",5.0,True,True,True,True,0.0,0.0,5.0,0.0003153510042466223,0.0003267995954956859,95.0,98.8,1.0,1.0,95.0,98.8,95.0,98.8,93.0,95.2,242.0,248.4,34.0,32.0,95.0,98.8,212.0,206.4,1.828011590987444e-06,3.0488125048577784e-06,500.0,500.0,32.0,32.0,95.0,98.8,95.0,98.8,0.0001653960207477212,0.00016538220806978644,1.0,1.0,5.0,5.2,1.8428571428571427,1.7885714285714287,0.00025659200036898255,0.0002624485990963876,0.0007879330078139901,0.0007994577987119556,5.67000824958086e-07,5.693989805877209e-07,2.1924992324784398e-05,0.0,0.02303769698482938,0.0008112020150292665,0.023870823992183432,0.48660668000229634,0.5104775039944798,1186.1142857142856,0.0,isolated,1,True,1800.0,3.1756027519877534,2.9408542130258866,0.23474853896186687,232153088.0,221.3984375,resource.ru_maxrss_kib_converted_to_bytes,0.0,"{""BLIS_NUM_THREADS"": ""1"", ""MKL_DYNAMIC"": ""FALSE"", ""MKL_NUM_THREADS"": ""1"", ""NUMBA_NUM_THREADS"": ""1"", ""NUMEXPR_NUM_THREADS"": ""1"", ""OMP_DYNAMIC"": ""FALSE"", ""OMP_NUM_THREADS"": ""1"", ""OPENBLAS_NUM_THREADS"": ""1"", ""PYTHONHASHSEED"": ""0"", ""VECLIB_MAXIMUM_THREADS"": ""1""}",2,3,7,0.4328339690109715,,,,,,,,,,,,,,,,,,,,,,,,,,,,,,,,,,,,,,,,,,,,,,,,,,,exact_agreement,True,True,3.0,2.5431315098245477e-07,1.0,1.0,1.0,1.0,1.0,1.0,1.0,0.99,True,False,True,True,0.00021905062423783602,sparse_chain,sparse_chain,sparse_chain
generic_jaccard_tree_to_path,fast_sparse,fast_sparse,True,{},jaccard,40,16,640,20000,512,10240000,63771,,,,skipped,,,,,,,,,,,,,,,,,,,,,,,,,,,,,,,,,,,,,,,,,,,,,,,,,,,,,,,,,,,,,,,,,,,,,,,,,,,,,,,,,,,,,,isolated,1,False,1800.0,,,,,,,,,2,4,6,0.4328339690109715,,,,,,,,,,,,,,,,,,,,,,,,,,,incompatible_score_mode:jaccard,True,,,,,,,,,,,,,,,,,,,,,,,exact_agreement,True,,3.0,2.5431315098245477e-07,,,,,,,,0.99,False,False,False,False,,sparse_chain,sparse_chain,sparse_chain
generic_jaccard_tree_to_path,beam_local,generic,False,"{""beam_local_child_cap"": null, ""beam_width"": 200, ""method"": ""beam_local""}",jaccard,40,16,640,20000,512,10240000,63771,16.21780968600069,39.462788896360756,1163.5642857142857,ok,none,1.5541998436674476e-05,0.0,0.0,0.0,1.5541998436674476e-05,16.182221319002565,16.232420111016836,16.215679709403776,16.217676189000485,16.2282712419983,0.01979125033044171,0.01046155599760823,5.0,"[16.182221319002565, 16.217676189000485, 16.21780968600069, 16.2282712419983, 16.232420111016836]",16.21782522799913,2.4664243060225473,0.025340327634376082,0.4054452421500173,1.8180691964285713,3.3666666666666667,1.0,0.0,"[40, 16]",5.0,True,True,False,,,,5.0,0.023501152958488092,0.023349801753647627,10804.0,10737.4,1.0,1.0,,,,,,,,,,,,,,,2.3269967641681433e-06,3.437994746491313e-06,500.0,500.0,32.0,32.0,10804.0,10737.4,63.0,66.2,7.353900582529604e-05,7.415959844365716e-05,1.0,1.0,5.0,5.2,1.8428571428571427,1.7885714285714287,0.0036639229801949114,0.0036534700426273047,0.027474814996821806,0.027208915399387478,3.403984010219574e-06,3.44999716617167e-06,1.79799972102046e-05,0.0,0.0,0.0,1.79799972102046e-05,16.013840969011653,16.013858949008863,1163.5642857142857,0.0,isolated,1,True,1800.0,97.64771538699279,97.39987824100535,0.24783714598743245,232153088.0,221.3984375,resource.ru_maxrss_kib_converted_to_bytes,0.0,"{""BLIS_NUM_THREADS"": ""1"", ""MKL_DYNAMIC"": ""FALSE"", ""MKL_NUM_THREADS"": ""1"", ""NUMBA_NUM_THREADS"": ""1"", ""NUMEXPR_NUM_THREADS"": ""1"", ""OMP_DYNAMIC"": ""FALSE"", ""OMP_NUM_THREADS"": ""1"", ""OPENBLAS_NUM_THREADS"": ""1"", ""PYTHONHASHSEED"": ""0"", ""VECLIB_MAXIMUM_THREADS"": ""1""}",2,5,4,0.4328339690109715,,,200.0,200.0,,,78.0,78.0,11051.0,11003.6,79.0,79.0,200.0,200.0,11379.0,11336.6,32656.0,32477.2,11050.0,11002.6,,,,,,,,,,,,,,,,,,,,,,,,,,,,,,,exact_agreement,True,True,3.0,2.5431315098245477e-07,0.980988309416166,0.9812385983747289,1.0,0.585714245815669,0.8671875,0.029428674479408733,0.05714311237052095,0.99,True,False,False,False,0.0006532974059351679,sparse_chain,sparse_chain,sparse_chain
generic_jaccard_tree_to_path,beam_local_capped,generic,False,"{""beam_local_child_cap"": 16, ""beam_width"": 200, ""method"": ""beam_local""}",jaccard,40,16,640,20000,512,10240000,63771,16.443641449994175,38.92081945147416,1163.847619047619,ok,none,1.94129825104028e-05,0.0,0.0,0.0,1.94129825104028e-05,16.22187609100365,16.489025204005884,16.389908535400174,16.339613755000755,16.4553861769964,0.10927388635964268,0.04538375401170924,5.0,"[16.489025204005884, 16.22187609100365, 16.339613755000755, 16.443641449994175, 16.4553861769964]",16.443660862976685,2.432551215717135,0.0256931897656159,0.4110910362498544,1.8185119047619047,3.3666666666666667,1.0,0.0,"[40, 16]",5.0,True,True,False,,,,5.0,0.023070738971000537,0.02305943936808035,10804.0,10737.4,1.0,1.0,,,,,,,,,,,,,,,2.062006387859583e-06,3.367202589288354e-06,500.0,500.0,32.0,32.0,10804.0,10737.4,63.0,66.2,6.908300565555692e-05,6.906519993208349e-05,1.0,1.0,5.0,5.2,1.8428571428571427,1.7885714285714287,0.0036328920687083155,0.0036040904349647464,0.02698581901495345,0.026866926799993963,3.196008037775755e-06,3.2172014471143483e-06,1.979200169444084e-05,0.0,0.0,0.0,1.979200169444084e-05,16.419713924988173,16.419733716989867,1163.847619047619,0.0,isolated,1,True,1800.0,98.92014588898746,98.67907103599282,0.24107485299464315,232153088.0,221.3984375,resource.ru_maxrss_kib_converted_to_bytes,0.0,"{""BLIS_NUM_THREADS"": ""1"", ""MKL_DYNAMIC"": ""FALSE"", ""MKL_NUM_THREADS"": ""1"", ""NUMBA_NUM_THREADS"": ""1"", ""NUMEXPR_NUM_THREADS"": ""1"", ""OMP_DYNAMIC"": ""FALSE"", ""OMP_NUM_THREADS"": ""1"", ""OPENBLAS_NUM_THREADS"": ""1"", ""PYTHONHASHSEED"": ""0"", ""VECLIB_MAXIMUM_THREADS"": ""1""}",2,6,8,0.4328339690109715,,,200.0,200.0,16.0,16.0,78.0,78.0,11051.0,11003.6,79.0,79.0,200.0,200.0,11379.0,11336.6,32656.0,32477.2,11050.0,11002.6,,,,,,,,,,,,,,,,,,,,,,,,,,,,,,,exact_agreement,True,True,3.0,2.5431315098245477e-07,0.9812271846472816,0.9813722252314807,1.0,0.585714245815669,0.8640625,0.029024510384133034,0.05638127359757224,0.99,True,False,False,False,0.007040558646800496,sparse_chain,sparse_chain,sparse_chain
generic_jaccard_tree_to_path,beam_partial_score,generic,False,"{""beam_balance_penalty"": 0.0, ""beam_candidate_future_weight"": 0.0, ""beam_expansion_width"": 64, ""beam_gap_penalty"": 0.0, ""beam_lookahead"": false, ""beam_n_restarts"": 1, ""beam_priority_future_weight"": 0.0, ""beam_priority_length_weight"": 0.0, ""beam_random_fraction"": 0.0, ""beam_rarity_weight"": 0.0, ""beam_symmetric"": false, ""beam_width"": 200, ""candidate_select_mode"": ""first"", ""method"": ""beam"", ""seed"": 0}",jaccard,40,16,640,20000,512,10240000,63771,10.273837538989028,62.294152265033546,1160.8833333333332,ok,none,1.9069004338234663e-05,0.0,0.0,0.0,1.9069004338234663e-05,10.245285865006736,10.329583249986172,10.278796318388776,10.26844022597652,10.27683471198543,0.030975590994429283,0.0053973130125086755,5.0,"[10.27683471198543, 10.245285865006736, 10.26844022597652, 10.273837538989028, 10.329583249986172]",10.273856607993366,3.8933845165645966,0.016052871154670356,0.2568459384747257,1.8138802083333332,3.3333333333333335,1.0,0.0,"[40, 16]",5.0,True,True,False,,,,5.0,0.004427063890034333,0.004717689304379746,297.0,303.2,1.0,1.0,,,,,,,,,,,,,,,2.0439911168068647e-06,2.9571936465799807e-06,500.0,500.0,32.0,32.0,333.0,338.0,297.0,303.2,0.012547981983516365,0.012559199391398579,1.0,1.0,5.0,4.8,1.7833333333333332,1.72,0.00021748110884800553,0.00021963489707559346,0.01713853600085713,0.01755635559093207,8.920032996684313e-07,8.429982699453831e-07,2.191000385209918e-05,0.0,0.0,0.0,2.191000385209918e-05,10.41131721099373,10.411339120997582,1160.8833333333332,0.0,isolated,1,True,1800.0,62.248883933003526,62.00670543301385,0.24217849998967722,232153088.0,221.3984375,resource.ru_maxrss_kib_converted_to_bytes,0.0,"{""BLIS_NUM_THREADS"": ""1"", ""MKL_DYNAMIC"": ""FALSE"", ""MKL_NUM_THREADS"": ""1"", ""NUMBA_NUM_THREADS"": ""1"", ""NUMEXPR_NUM_THREADS"": ""1"", ""OMP_DYNAMIC"": ""FALSE"", ""OMP_NUM_THREADS"": ""1"", ""OPENBLAS_NUM_THREADS"": ""1"", ""PYTHONHASHSEED"": ""0"", ""VECLIB_MAXIMUM_THREADS"": ""1""}",2,7,3,0.4328339690109715,,,,,,,,,,,6.0,5.8,64.0,66.8,157.0,163.6,297.0,303.2,157.0,163.6,,,,,,,,,15552.0,15552.0,0.0,0.0,0.0,0.0,,,,,,,,,,,,,,,,,exact_agreement,True,True,3.0,2.5431315098245477e-07,0.9787280278175422,0.9791840957822899,1.0,0.7826086632020095,0.771875,0.0464547585268981,0.08869944911559469,0.99,True,False,False,False,0.0008170740462902532,sparse_chain,sparse_chain,sparse_chain
generic_jaccard_tree_to_path,fast_beam_partial,fast_beam,False,"{""beam_width"": 200, ""expansion_width"": 64, ""max_nodes_per_token_side"": 8, ""max_token_types_per_expansion"": 2048, ""search"": ""partial""}",jaccard,40,16,640,20000,512,10240000,63771,,,,skipped,,,,,,,,,,,,,,,,,,,,,,,,,,,,,,,,,,,,,,,,,,,,,,,,,,,,,,,,,,,,,,,,,,,,,,,,,,,,,,,,,,,,,,isolated,1,False,1800.0,,,,,,,,,2,8,2,0.4328339690109715,,,,,,,,,,,,,,,,,,,,,,,,,,,incompatible_score_mode:jaccard,True,,,,,,,,,,,,,,,,,,,,,,,exact_agreement,True,,3.0,2.5431315098245477e-07,,,,,,,,0.99,False,False,False,False,,sparse_chain,sparse_chain,sparse_chain
