sweep_name,sweep_kind,base_regime,sweep_point,sweep_x_name,sweep_x_value,regime,instance,algorithm,algorithm_family,algorithm_exact,algorithm_kwargs,score_mode,n_g,n_h,dense_cells,posting_hits,truth_score,score,status,skip_reason,explicit_path_score,fit_seconds,diagnostic_fit_seconds,predict_seconds_median,predict_seconds_min,predict_seconds_max,predict_seconds_mean,predict_seconds_q25,predict_seconds_q75,predict_seconds_std,predict_seconds_mad,predict_seconds_sample_count,predict_seconds_samples,setup_plus_warm_search_seconds,timing_repeats,warmup_runs,matched_length,truth_pair_recall,truth_pair_precision,planted_g_node_recall,planted_h_node_recall,diag_algorithm,diag_n_g,diag_n_h,diag_input_preprocessing_seconds,diag_preprocessing_seconds,diag_candidate_generation_seconds,diag_search_seconds,diag_traceback_seconds,diag_total_seconds,diag_node_pair_score_evaluations,diag_candidate_pairs_generated,diag_positive_candidate_pairs,diag_dp_cells_computed,diag_states_generated,diag_states_after_endpoint_pruning,diag_states_retained,diag_peak_frontier_size,diag_layers_processed,diag_restarts,diag_directions,diag_result_score,diag_result_length,diag_extra_label_pair_preprocessing_score_evaluations,diag_extra_lookahead_score_evaluations,diag_extra_restart_scores,diag_extra_selected_restart,diag_extra_selected_run,diag_extra_used_fitted_inputs,fit_diag_algorithm,fit_diag_n_g,fit_diag_n_h,fit_diag_input_preprocessing_seconds,fit_diag_preprocessing_seconds,fit_diag_candidate_generation_seconds,fit_diag_search_seconds,fit_diag_traceback_seconds,fit_diag_total_seconds,fit_diag_node_pair_score_evaluations,fit_diag_candidate_pairs_generated,fit_diag_positive_candidate_pairs,fit_diag_dp_cells_computed,fit_diag_states_generated,fit_diag_states_after_endpoint_pruning,fit_diag_states_retained,fit_diag_peak_frontier_size,fit_diag_layers_processed,fit_diag_restarts,fit_diag_directions,fit_diag_result_score,fit_diag_result_length,cold_fit_seconds,cold_predict_seconds,cold_setup_plus_predict_seconds,cold_score,cold_explicit_path_score,cold_score_difference_from_warm,execution_mode,thread_count_requested,thread_settings_enforced,timeout_seconds,fresh_process_total_seconds,fresh_process_task_seconds,fresh_process_overhead_seconds,peak_rss_bytes,peak_rss_mib,peak_rss_semantics,isolated_process_exit_code,worker_thread_environment,comparison,algorithm_config_index,execution_order_position,execution_order_cycle,pair_generation_seconds,shared_keys,truth_pair_count,observed_planted_nodes_g,observed_planted_nodes_h,candidate_path_length_g,candidate_path_length_h,shape_g,shape_h,alphabet_size,symbol_distribution,symbols_per_node,weight_mode,planted_length,planted_token_policy,expected_algorithm,regime_notes,tree_g_depth,tree_h_depth,tree_g_max_width,tree_h_max_width,tree_g_max_out_degree,tree_h_max_out_degree,diag_extra_beam_width,diag_extra_candidate_semantics,diag_extra_duplicate_pairs_skipped,diag_extra_expansion_width,diag_extra_max_nodes_per_token_side,diag_extra_max_token_types_per_expansion,diag_extra_maximum_matching_length,diag_extra_numba_available,diag_extra_permanent_state_pool_size,diag_extra_positive_token_types,diag_extra_posting_pair_attempts,diag_extra_token_ranges_scanned,oracle_score,oracle_valid,oracle_status,exact_method_count,exact_score_spread,exact_agreement_tolerance,score_ratio,score_gap,accuracy_score,accuracy_percent,score_consistent_with_oracle,warm_timing_score,setup_timing_score,warm_accuracy_harmonic_score,setup_accuracy_harmonic_score
partial_beam_implementation_rare_anchor,size,rare_anchor_oracle,n800,nodes_per_tree,800,partial_beam_implementation_rare_anchor__n800,0,beam_partial_score,generic,False,"{""beam_balance_penalty"": 0.0, ""beam_candidate_future_weight"": 0.0, ""beam_expansion_width"": 64, ""beam_gap_penalty"": 0.0, ""beam_lookahead"": false, ""beam_n_restarts"": 1, ""beam_priority_future_weight"": 0.0, ""beam_priority_length_weight"": 0.0, ""beam_random_fraction"": 0.0, ""beam_rarity_weight"": 0.0, ""beam_symmetric"": false, ""beam_width"": 200, ""candidate_select_mode"": ""first"", ""method"": ""beam"", ""seed"": 0}",equality,800,800,640000,156634,14000.0,14003.681792830508,ok,,14003.681792830508,1.147011062130332e-06,8.160015568137169e-06,0.19985919099417515,0.1986926819954533,0.20443900002283044,0.20099695767081963,0.19927593649481423,0.2021490955085028,0.0030374211884099675,0.001166508998721838,3,"[0.19985919099417515, 0.1986926819954533, 0.20443900002283044]",0.19986033800523728,3,1,17,1.0,0.8235294117647058,1.0,1.0,beam_partial,800,800,0.0,0.0016570420120842755,0.18533869192469865,0.018641955073690042,2.47600837610662e-06,0.20594999499735422,97479,34439,34439,,34439,23606,3232,200,21,1,1,14003.681792830508,17,1848.0,0.0,[14003.681792830508],0.0,"{""beam_width"": 200, ""expansion_width"": 64, ""label_pair_preprocessing_score_evaluations"": 1848, ""lookahead_enabled"": false, ""maximum_matching_length"": 131, ""positive_label_pair_types"": 42, ""state_pool_size"": 34440}",True,beam_fit,800,800,7.291993824765086e-06,0.0,0.0,0.0,0.0,7.291993824765086e-06,0,,,,,,,,,1,1,,,1.9869767129421234e-06,0.2016168389818631,0.20161882595857605,14003.681792830508,14003.681792830508,0.0,isolated,1,True,1200.0,1.444358590990305,1.2116901019762736,0.23266848901403137,143060992,136.43359375,resource.ru_maxrss_kib_converted_to_bytes,0,"{""BLIS_NUM_THREADS"": ""1"", ""MKL_DYNAMIC"": ""FALSE"", ""MKL_NUM_THREADS"": ""1"", ""NUMBA_NUM_THREADS"": ""1"", ""NUMEXPR_NUM_THREADS"": ""1"", ""OMP_DYNAMIC"": ""FALSE"", ""OMP_NUM_THREADS"": ""1"", ""OPENBLAS_NUM_THREADS"": ""1"", ""PYTHONHASHSEED"": ""0"", ""VECLIB_MAXIMUM_THREADS"": ""1""}",tree_tree,0,0,0,0.026560408005025238,42,14,14,14,115,128,medium,medium,30,zipf,1,inverse_sqrt,14,reserved,fast_dense,"Exact-oracle companion to the large rare-anchor stress regime. The score-only partial beam should preserve the delayed rare anchors and remain above the 99% quality floor, while local beams may prune the relevant branch; at this smaller scale the specialized dense exact method is still expected to be fastest.",130,130,20,17,5,6,,,,,,,,,,,,,,False,no_exact_result,0,,,,,,,,0.02574832288101301,0.04083515052658264,,
partial_beam_implementation_rare_anchor,size,rare_anchor_oracle,n800,nodes_per_tree,800,partial_beam_implementation_rare_anchor__n800,0,fast_beam_partial,fast_beam,False,"{""beam_width"": 200, ""expansion_width"": 64, ""max_nodes_per_token_side"": 8, ""max_token_types_per_expansion"": 2048, ""search"": ""partial""}",equality,800,800,640000,156634,14000.0,14003.681792855263,ok,,14003.681792830508,0.00301528800628148,0.0030427199963014573,0.005146038980456069,0.0051227530057076365,0.0051838880171999335,0.005150893334454547,0.005134395993081853,0.005164963498828001,3.085524221421252e-05,2.3285974748432636e-05,3,"[0.005146038980456069, 0.0051838880171999335, 0.0051227530057076365]",0.00816132698673755,3,1,17,1.0,0.8235294117647058,1.0,1.0,fast_beam_partial_equality,800,800,0.0,5.027098814025521e-05,0.0031265930738300085,0.002074320917017758,2.242013579234481e-06,0.005334007990313694,34439,34439,34439,,34439,23606,3232,200,21,1,1,14003.681792855263,17,,,,,,,fast_beam_partial_fit,800,800,0.0030413750209845603,0.0,0.0,0.0,0.0,0.0030413750209845603,0,,,,,,,,,1,1,,,0.003188916016370058,0.10643307602731511,0.10962199204368517,14003.681792855263,14003.681792830508,0.0,isolated,1,True,1200.0,0.42372247599996626,0.1422799929860048,0.28144248301396146,202809344,193.4140625,resource.ru_maxrss_kib_converted_to_bytes,0,"{""BLIS_NUM_THREADS"": ""1"", ""MKL_DYNAMIC"": ""FALSE"", ""MKL_NUM_THREADS"": ""1"", ""NUMBA_NUM_THREADS"": ""1"", ""NUMEXPR_NUM_THREADS"": ""1"", ""OMP_DYNAMIC"": ""FALSE"", ""OMP_NUM_THREADS"": ""1"", ""OPENBLAS_NUM_THREADS"": ""1"", ""PYTHONHASHSEED"": ""0"", ""VECLIB_MAXIMUM_THREADS"": ""1""}",tree_tree,1,1,0,0.026560408005025238,42,14,14,14,115,128,medium,medium,30,zipf,1,inverse_sqrt,14,reserved,fast_dense,"Exact-oracle companion to the large rare-anchor stress regime. The score-only partial beam should preserve the delayed rare anchors and remain above the 99% quality floor, while local beams may prune the relevant branch; at this smaller scale the specialized dense exact method is still expected to be fastest.",130,130,20,17,5,6,200.0,descending_token_weight_first_descendants,0.0,64.0,8.0,2048.0,131.0,True,3233.0,42.0,34439.0,134569.0,,False,no_exact_result,0,,,,,,,,1.0,1.0,,
partial_beam_implementation_rare_anchor,size,rare_anchor_oracle,n800,nodes_per_tree,800,partial_beam_implementation_rare_anchor__n800,1,fast_beam_partial,fast_beam,False,"{""beam_width"": 200, ""expansion_width"": 64, ""max_nodes_per_token_side"": 8, ""max_token_types_per_expansion"": 2048, ""search"": ""partial""}",equality,800,800,640000,145902,14000.0,14000.0,ok,,14000.0,0.002910915995016694,0.002948362991446629,0.0037783070001751184,0.003751734009711072,0.0037853149988222867,0.003771785336236159,0.003765020504943095,0.0037818109994987026,1.7714959294941267e-05,7.007998647168279e-06,3,"[0.0037853149988222867, 0.0037783070001751184, 0.003751734009711072]",0.0066892229951918125,3,1,14,1.0,1.0,1.0,1.0,fast_beam_partial_equality,800,800,0.0,5.0709000788629055e-05,0.0022932309075258672,0.001516529096988961,1.7319980543106794e-06,0.00393564801197499,22164,22164,22164,,22164,15426,3143,200,19,1,1,14000.0,14,,,,,,,fast_beam_partial_fit,800,800,0.0029470149893313646,0.0,0.0,0.0,0.0,0.0029470149893313646,0,,,,,,,,,1,1,,,0.0030303989769890904,0.1001732680015266,0.10320366697851568,14000.0,14000.0,0.0,isolated,1,True,1200.0,0.3969582290155813,0.12864792498294264,0.26831030403263867,202416128,193.0390625,resource.ru_maxrss_kib_converted_to_bytes,0,"{""BLIS_NUM_THREADS"": ""1"", ""MKL_DYNAMIC"": ""FALSE"", ""MKL_NUM_THREADS"": ""1"", ""NUMBA_NUM_THREADS"": ""1"", ""NUMEXPR_NUM_THREADS"": ""1"", ""OMP_DYNAMIC"": ""FALSE"", ""OMP_NUM_THREADS"": ""1"", ""OPENBLAS_NUM_THREADS"": ""1"", ""PYTHONHASHSEED"": ""0"", ""VECLIB_MAXIMUM_THREADS"": ""1""}",tree_tree,1,0,0,0.02811607302282937,43,14,14,14,91,85,medium,medium,30,zipf,1,inverse_sqrt,14,reserved,fast_dense,"Exact-oracle companion to the large rare-anchor stress regime. The score-only partial beam should preserve the delayed rare anchors and remain above the 99% quality floor, while local beams may prune the relevant branch; at this smaller scale the specialized dense exact method is still expected to be fastest.",130,130,18,18,5,4,200.0,descending_token_weight_first_descendants,0.0,64.0,8.0,2048.0,131.0,True,3144.0,43.0,22164.0,133666.0,,False,no_exact_result,0,,,,,,,,1.0,1.0,,
partial_beam_implementation_rare_anchor,size,rare_anchor_oracle,n800,nodes_per_tree,800,partial_beam_implementation_rare_anchor__n800,1,beam_partial_score,generic,False,"{""beam_balance_penalty"": 0.0, ""beam_candidate_future_weight"": 0.0, ""beam_expansion_width"": 64, ""beam_gap_penalty"": 0.0, ""beam_lookahead"": false, ""beam_n_restarts"": 1, ""beam_priority_future_weight"": 0.0, ""beam_priority_length_weight"": 0.0, ""beam_random_fraction"": 0.0, ""beam_rarity_weight"": 0.0, ""beam_symmetric"": false, ""beam_width"": 200, ""candidate_select_mode"": ""first"", ""method"": ""beam"", ""seed"": 0}",equality,800,800,640000,145902,14000.0,14000.0,ok,,14000.0,1.61500065587461e-06,8.139992132782936e-06,0.2041891150001902,0.2035149070143234,0.2056881210010033,0.20446404767183898,0.2038520110072568,0.20493861800059676,0.001112387404832616,0.0006742079858668149,3,"[0.2056881210010033, 0.2041891150001902, 0.2035149070143234]",0.2041907300008461,3,1,14,1.0,1.0,1.0,1.0,beam_partial,800,800,0.0,0.001718061015708372,0.19717215752461925,0.013219398475484923,4.708999767899513e-06,0.21239662799052894,103163,22164,22164,,22164,15426,3143,200,19,1,1,14000.0,14,1892.0,0.0,[14000.0],0.0,"{""beam_width"": 200, ""expansion_width"": 64, ""label_pair_preprocessing_score_evaluations"": 1892, ""lookahead_enabled"": false, ""maximum_matching_length"": 131, ""positive_label_pair_types"": 43, ""state_pool_size"": 22165}",True,beam_fit,800,800,7.274007657542825e-06,0.0,0.0,0.0,0.0,7.274007657542825e-06,0,,,,,,,,,1,1,,,2.2999884095042944e-06,0.20706637899274938,0.20706867898115888,14000.0,14000.0,0.0,isolated,1,True,1200.0,1.4825080620066728,1.239717133983504,0.24279092802316882,141561856,135.00390625,resource.ru_maxrss_kib_converted_to_bytes,0,"{""BLIS_NUM_THREADS"": ""1"", ""MKL_DYNAMIC"": ""FALSE"", ""MKL_NUM_THREADS"": ""1"", ""NUMBA_NUM_THREADS"": ""1"", ""NUMEXPR_NUM_THREADS"": ""1"", ""OMP_DYNAMIC"": ""FALSE"", ""OMP_NUM_THREADS"": ""1"", ""OPENBLAS_NUM_THREADS"": ""1"", ""PYTHONHASHSEED"": ""0"", ""VECLIB_MAXIMUM_THREADS"": ""1""}",tree_tree,0,1,0,0.02811607302282937,43,14,14,14,91,85,medium,medium,30,zipf,1,inverse_sqrt,14,reserved,fast_dense,"Exact-oracle companion to the large rare-anchor stress regime. The score-only partial beam should preserve the delayed rare anchors and remain above the 99% quality floor, while local beams may prune the relevant branch; at this smaller scale the specialized dense exact method is still expected to be fastest.",130,130,18,18,5,4,,,,,,,,,,,,,,False,no_exact_result,0,,,,,,,,0.018503958941061077,0.03275968010479269,,
partial_beam_implementation_rare_anchor,size,rare_anchor_oracle,n800,nodes_per_tree,800,partial_beam_implementation_rare_anchor__n800,2,beam_partial_score,generic,False,"{""beam_balance_penalty"": 0.0, ""beam_candidate_future_weight"": 0.0, ""beam_expansion_width"": 64, ""beam_gap_penalty"": 0.0, ""beam_lookahead"": false, ""beam_n_restarts"": 1, ""beam_priority_future_weight"": 0.0, ""beam_priority_length_weight"": 0.0, ""beam_random_fraction"": 0.0, ""beam_rarity_weight"": 0.0, ""beam_symmetric"": false, ""beam_width"": 200, ""candidate_select_mode"": ""first"", ""method"": ""beam"", ""seed"": 0}",equality,800,800,640000,142655,14000.0,14000.0,ok,,14000.0,1.4859833754599094e-06,8.78400169312954e-06,0.264414567995118,0.2641455050033983,0.2645276550028939,0.26436257600047003,0.26428003649925813,0.26447111149900593,0.00019630851015486756,0.00011308700777590275,3,"[0.264414567995118, 0.2645276550028939, 0.2641455050033983]",0.26441605397849344,3,1,14,1.0,1.0,1.0,1.0,beam_partial,800,800,0.0,0.0017289089737460017,0.24911453828099184,0.022695381718222052,2.9110233299434185e-06,0.27400817300076596,130607,42586,42586,,42586,25179,3607,200,23,1,1,14000.0,14,1848.0,0.0,[14000.0],0.0,"{""beam_width"": 200, ""expansion_width"": 64, ""label_pair_preprocessing_score_evaluations"": 1848, ""lookahead_enabled"": false, ""maximum_matching_length"": 131, ""positive_label_pair_types"": 42, ""state_pool_size"": 42587}",True,beam_fit,800,800,7.897993782535195e-06,0.0,0.0,0.0,0.0,7.897993782535195e-06,0,,,,,,,,,1,1,,,2.0560109987854958e-06,0.267575948004378,0.2675780040153768,14000.0,14000.0,0.0,isolated,1,True,1200.0,1.8335722989868373,1.6003378020250238,0.23323449696181342,143380480,136.73828125,resource.ru_maxrss_kib_converted_to_bytes,0,"{""BLIS_NUM_THREADS"": ""1"", ""MKL_DYNAMIC"": ""FALSE"", ""MKL_NUM_THREADS"": ""1"", ""NUMBA_NUM_THREADS"": ""1"", ""NUMEXPR_NUM_THREADS"": ""1"", ""OMP_DYNAMIC"": ""FALSE"", ""OMP_NUM_THREADS"": ""1"", ""OPENBLAS_NUM_THREADS"": ""1"", ""PYTHONHASHSEED"": ""0"", ""VECLIB_MAXIMUM_THREADS"": ""1""}",tree_tree,0,0,1,0.028570058988407254,42,14,14,14,106,93,medium,medium,30,zipf,1,inverse_sqrt,14,reserved,fast_dense,"Exact-oracle companion to the large rare-anchor stress regime. The score-only partial beam should preserve the delayed rare anchors and remain above the 99% quality floor, while local beams may prune the relevant branch; at this smaller scale the specialized dense exact method is still expected to be fastest.",130,130,17,17,5,6,,,,,,,,,,,,,,False,no_exact_result,0,,,,,,,,0.02137802406882885,0.0325900294854699,,
partial_beam_implementation_rare_anchor,size,rare_anchor_oracle,n800,nodes_per_tree,800,partial_beam_implementation_rare_anchor__n800,2,fast_beam_partial,fast_beam,False,"{""beam_width"": 200, ""expansion_width"": 64, ""max_nodes_per_token_side"": 8, ""max_token_types_per_expansion"": 2048, ""search"": ""partial""}",equality,800,800,640000,142655,14000.0,14000.0,ok,,14000.0,0.0029646659968420863,0.002970204979646951,0.005652660998748615,0.005637712980387732,0.00573676498606801,0.005675712988401453,0.005645186989568174,0.005694712992408313,5.3398226820160825e-05,1.4948018360882998e-05,3,"[0.00573676498606801, 0.005652660998748615, 0.005637712980387732]",0.008617326995590702,3,1,14,1.0,1.0,1.0,1.0,fast_beam_partial_equality,800,800,0.0,4.5469991164281964e-05,0.003477034071693197,0.002270963945193216,1.7959973774850368e-06,0.005873243004316464,42586,42586,42586,,42586,25179,3607,200,23,1,1,14000.0,14,,,,,,,fast_beam_partial_fit,800,800,0.0029690610244870186,0.0,0.0,0.0,0.0,0.0029690610244870186,0,,,,,,,,,1,1,,,0.0030301579972729087,0.0996341590071097,0.10266431700438261,14000.0,14000.0,0.0,isolated,1,True,1200.0,0.40139756799908355,0.1376386990013998,0.26375886899768375,202477568,193.09765625,resource.ru_maxrss_kib_converted_to_bytes,0,"{""BLIS_NUM_THREADS"": ""1"", ""MKL_DYNAMIC"": ""FALSE"", ""MKL_NUM_THREADS"": ""1"", ""NUMBA_NUM_THREADS"": ""1"", ""NUMEXPR_NUM_THREADS"": ""1"", ""OMP_DYNAMIC"": ""FALSE"", ""OMP_NUM_THREADS"": ""1"", ""OPENBLAS_NUM_THREADS"": ""1"", ""PYTHONHASHSEED"": ""0"", ""VECLIB_MAXIMUM_THREADS"": ""1""}",tree_tree,1,1,1,0.028570058988407254,42,14,14,14,106,93,medium,medium,30,zipf,1,inverse_sqrt,14,reserved,fast_dense,"Exact-oracle companion to the large rare-anchor stress regime. The score-only partial beam should preserve the delayed rare anchors and remain above the 99% quality floor, while local beams may prune the relevant branch; at this smaller scale the specialized dense exact method is still expected to be fastest.",130,130,17,17,5,6,200.0,descending_token_weight_first_descendants,0.0,64.0,8.0,2048.0,131.0,True,3608.0,42.0,42586.0,149982.0,,False,no_exact_result,0,,,,,,,,1.0,1.0,,
partial_beam_implementation_rare_anchor,size,rare_anchor_oracle,n800,nodes_per_tree,800,partial_beam_implementation_rare_anchor__n800,3,fast_beam_partial,fast_beam,False,"{""beam_width"": 200, ""expansion_width"": 64, ""max_nodes_per_token_side"": 8, ""max_token_types_per_expansion"": 2048, ""search"": ""partial""}",equality,800,800,640000,139984,14000.0,14002.279507160187,ok,,14002.279507056955,0.0029263290052767843,0.002971281995996833,0.004021016007754952,0.004003221023594961,0.004137745010666549,0.004053994014005487,0.004012118515674956,0.0040793805092107505,7.307419138522508e-05,1.7794984159991145e-05,3,"[0.004021016007754952, 0.004003221023594961, 0.004137745010666549]",0.006947345013031736,3,1,15,1.0,0.9333333333333333,1.0,1.0,fast_beam_partial_equality,800,800,0.0,4.6173023292794824e-05,0.002460062998579815,0.0016246240120381117,1.8519931472837925e-06,0.004205978999380022,23621,23621,23621,,23621,15922,3388,200,20,1,1,14002.279507160187,15,,,,,,,fast_beam_partial_fit,800,800,0.0029701570165343583,0.0,0.0,0.0,0.0,0.0029701570165343583,0,,,,,,,,,1,1,,,0.0030032049980945885,0.09920491100638174,0.10220811600447632,14002.279507160187,14002.279507056955,0.0,isolated,1,True,1200.0,0.3909355280047748,0.1290242460090667,0.2619112819957081,202448896,193.0703125,resource.ru_maxrss_kib_converted_to_bytes,0,"{""BLIS_NUM_THREADS"": ""1"", ""MKL_DYNAMIC"": ""FALSE"", ""MKL_NUM_THREADS"": ""1"", ""NUMBA_NUM_THREADS"": ""1"", ""NUMEXPR_NUM_THREADS"": ""1"", ""OMP_DYNAMIC"": ""FALSE"", ""OMP_NUM_THREADS"": ""1"", ""OPENBLAS_NUM_THREADS"": ""1"", ""PYTHONHASHSEED"": ""0"", ""VECLIB_MAXIMUM_THREADS"": ""1""}",tree_tree,1,0,1,0.028375877998769283,44,14,14,14,28,101,medium,medium,30,zipf,1,inverse_sqrt,14,reserved,fast_dense,"Exact-oracle companion to the large rare-anchor stress regime. The score-only partial beam should preserve the delayed rare anchors and remain above the 99% quality floor, while local beams may prune the relevant branch; at this smaller scale the specialized dense exact method is still expected to be fastest.",130,130,19,19,10,5,200.0,descending_token_weight_first_descendants,0.0,64.0,8.0,2048.0,131.0,True,3389.0,44.0,23621.0,147415.0,,False,no_exact_result,0,,,,,,,,1.0,1.0,,
partial_beam_implementation_rare_anchor,size,rare_anchor_oracle,n800,nodes_per_tree,800,partial_beam_implementation_rare_anchor__n800,3,beam_partial_score,generic,False,"{""beam_balance_penalty"": 0.0, ""beam_candidate_future_weight"": 0.0, ""beam_expansion_width"": 64, ""beam_gap_penalty"": 0.0, ""beam_lookahead"": false, ""beam_n_restarts"": 1, ""beam_priority_future_weight"": 0.0, ""beam_priority_length_weight"": 0.0, ""beam_random_fraction"": 0.0, ""beam_rarity_weight"": 0.0, ""beam_symmetric"": false, ""beam_width"": 200, ""candidate_select_mode"": ""first"", ""method"": ""beam"", ""seed"": 0}",equality,800,800,640000,139984,14000.0,14002.279507056955,ok,,14002.279507056955,1.634005457162857e-06,7.951020961627364e-06,0.21740231401054189,0.2170938799972646,0.2178808869794011,0.21745902699573585,0.21724809700390324,0.2176416004949715,0.0003965567670587864,0.00030843401327729225,3,"[0.21740231401054189, 0.2170938799972646, 0.2178808869794011]",0.21740394801599905,3,1,15,1.0,0.9333333333333333,1.0,1.0,beam_partial,800,800,0.0,0.0017029379960149527,0.20930661636521108,0.01329139363951981,2.582004526630044e-06,0.2245862049749121,111996,23621,23621,,23621,15922,3388,200,20,1,1,14002.279507056955,15,1936.0,0.0,[14002.279507056955],0.0,"{""beam_width"": 200, ""expansion_width"": 64, ""label_pair_preprocessing_score_evaluations"": 1936, ""lookahead_enabled"": false, ""maximum_matching_length"": 131, ""positive_label_pair_types"": 44, ""state_pool_size"": 23622}",True,beam_fit,800,800,6.7889923229813576e-06,0.0,0.0,0.0,0.0,6.7889923229813576e-06,0,,,,,,,,,1,1,,,1.9809813238680363e-06,0.21942811799817719,0.21943009897950105,14002.279507056955,14002.279507056955,0.0,isolated,1,True,1200.0,1.5423824139870703,1.313941183994757,0.2284412299923133,141606912,135.046875,resource.ru_maxrss_kib_converted_to_bytes,0,"{""BLIS_NUM_THREADS"": ""1"", ""MKL_DYNAMIC"": ""FALSE"", ""MKL_NUM_THREADS"": ""1"", ""NUMBA_NUM_THREADS"": ""1"", ""NUMEXPR_NUM_THREADS"": ""1"", ""OMP_DYNAMIC"": ""FALSE"", ""OMP_NUM_THREADS"": ""1"", ""OPENBLAS_NUM_THREADS"": ""1"", ""PYTHONHASHSEED"": ""0"", ""VECLIB_MAXIMUM_THREADS"": ""1""}",tree_tree,0,1,1,0.028375877998769283,44,14,14,14,28,101,medium,medium,30,zipf,1,inverse_sqrt,14,reserved,fast_dense,"Exact-oracle companion to the large rare-anchor stress regime. The score-only partial beam should preserve the delayed rare anchors and remain above the 99% quality floor, while local beams may prune the relevant branch; at this smaller scale the specialized dense exact method is still expected to be fastest.",130,130,19,19,10,5,,,,,,,,,,,,,,False,no_exact_result,0,,,,,,,,0.01849573692927653,0.03195592847522931,,
partial_beam_implementation_rare_anchor,size,rare_anchor_oracle,n1300,nodes_per_tree,1300,partial_beam_implementation_rare_anchor__n1300,0,beam_partial_score,generic,False,"{""beam_balance_penalty"": 0.0, ""beam_candidate_future_weight"": 0.0, ""beam_expansion_width"": 64, ""beam_gap_penalty"": 0.0, ""beam_lookahead"": false, ""beam_n_restarts"": 1, ""beam_priority_future_weight"": 0.0, ""beam_priority_length_weight"": 0.0, ""beam_random_fraction"": 0.0, ""beam_rarity_weight"": 0.0, ""beam_symmetric"": false, ""beam_width"": 200, ""candidate_select_mode"": ""first"", ""method"": ""beam"", ""seed"": 0}",equality,1300,1300,1690000,399679,14000.0,14004.681792830508,ok,,14004.681792830508,1.1170050129294395e-06,7.009977707639337e-06,0.24195811300887726,0.2414106779906433,0.242283061001217,0.2418839506669125,0.24168439549976029,0.24212058700504713,0.00044089462347444546,0.00032494799233973026,3,"[0.2414106779906433, 0.242283061001217, 0.24195811300887726]",0.2419592300138902,3,1,18,1.0,0.7777777777777778,1.0,1.0,beam_partial,1300,1300,0.0,0.0023939140082802624,0.23100506255286746,0.016786666441475973,2.529995981603861e-06,0.25049274100456387,126563,31487,31487,,31487,21299,3359,200,21,1,1,14004.681792830508,18,1892.0,0.0,[14004.681792830508],0.0,"{""beam_width"": 200, ""expansion_width"": 64, ""label_pair_preprocessing_score_evaluations"": 1892, ""lookahead_enabled"": false, ""maximum_matching_length"": 161, ""positive_label_pair_types"": 43, ""state_pool_size"": 31488}",True,beam_fit,1300,1300,6.108981324359775e-06,0.0,0.0,0.0,0.0,6.108981324359775e-06,0,,,,,,,,,1,1,,,2.1129962988197803e-06,0.24458588301786222,0.24458799601416104,14004.681792830508,14004.681792830508,0.0,isolated,1,True,1200.0,1.6932247500226367,1.4636649150052108,0.22955983501742594,143134720,136.50390625,resource.ru_maxrss_kib_converted_to_bytes,0,"{""BLIS_NUM_THREADS"": ""1"", ""MKL_DYNAMIC"": ""FALSE"", ""MKL_NUM_THREADS"": ""1"", ""NUMBA_NUM_THREADS"": ""1"", ""NUMEXPR_NUM_THREADS"": ""1"", ""OMP_DYNAMIC"": ""FALSE"", ""OMP_NUM_THREADS"": ""1"", ""OPENBLAS_NUM_THREADS"": ""1"", ""PYTHONHASHSEED"": ""0"", ""VECLIB_MAXIMUM_THREADS"": ""1""}",tree_tree,0,0,0,0.0641726779867895,43,14,14,14,145,161,medium,medium,30,zipf,1,inverse_sqrt,14,reserved,fast_dense,"Exact-oracle companion to the large rare-anchor stress regime. The score-only partial beam should preserve the delayed rare anchors and remain above the 99% quality floor, while local beams may prune the relevant branch; at this smaller scale the specialized dense exact method is still expected to be fastest.",160,160,21,25,4,11,,,,,,,,,,,,,,False,no_exact_result,0,,,,,,,,0.02042825903856638,0.03965822261409106,,
partial_beam_implementation_rare_anchor,size,rare_anchor_oracle,n1300,nodes_per_tree,1300,partial_beam_implementation_rare_anchor__n1300,0,fast_beam_partial,fast_beam,False,"{""beam_width"": 200, ""expansion_width"": 64, ""max_nodes_per_token_side"": 8, ""max_token_types_per_expansion"": 2048, ""search"": ""partial""}",equality,1300,1300,1690000,399679,14000.0,14004.681792855263,ok,,14004.681792830508,0.004652889998396859,0.004796046006958932,0.004942783009028062,0.004915450990665704,0.0049640299985185266,0.004940754666070764,0.004929116999846883,0.004953406503773294,2.4352938885388424e-05,2.124698949046433e-05,3,"[0.0049640299985185266, 0.004942783009028062, 0.004915450990665704]",0.00959567300742492,3,1,18,1.0,0.7777777777777778,1.0,1.0,fast_beam_partial_equality,1300,1300,0.0,4.582200199365616e-05,0.0030588850495405495,0.001961349946213886,2.0579900592565536e-06,0.005142920999787748,31487,31487,31487,,31487,21299,3359,200,21,1,1,14004.681792855263,18,,,,,,,fast_beam_partial_fit,1300,1300,0.004794921987922862,0.0,0.0,0.0,0.0,0.004794921987922862,0,,,,,,,,,1,1,,,0.004868915013503283,0.09870001100352965,0.10356892601703294,14004.681792855263,14004.681792830508,0.0,isolated,1,True,1200.0,0.39777266801684164,0.1384797119826544,0.2592929560341872,202940416,193.5390625,resource.ru_maxrss_kib_converted_to_bytes,0,"{""BLIS_NUM_THREADS"": ""1"", ""MKL_DYNAMIC"": ""FALSE"", ""MKL_NUM_THREADS"": ""1"", ""NUMBA_NUM_THREADS"": ""1"", ""NUMEXPR_NUM_THREADS"": ""1"", ""OMP_DYNAMIC"": ""FALSE"", ""OMP_NUM_THREADS"": ""1"", ""OPENBLAS_NUM_THREADS"": ""1"", ""PYTHONHASHSEED"": ""0"", ""VECLIB_MAXIMUM_THREADS"": ""1""}",tree_tree,1,1,0,0.0641726779867895,43,14,14,14,145,161,medium,medium,30,zipf,1,inverse_sqrt,14,reserved,fast_dense,"Exact-oracle companion to the large rare-anchor stress regime. The score-only partial beam should preserve the delayed rare anchors and remain above the 99% quality floor, while local beams may prune the relevant branch; at this smaller scale the specialized dense exact method is still expected to be fastest.",160,160,21,25,4,11,200.0,descending_token_weight_first_descendants,0.0,64.0,8.0,2048.0,161.0,True,3360.0,43.0,31487.0,142594.0,,False,no_exact_result,0,,,,,,,,1.0,1.0,,
partial_beam_implementation_rare_anchor,size,rare_anchor_oracle,n1300,nodes_per_tree,1300,partial_beam_implementation_rare_anchor__n1300,1,fast_beam_partial,fast_beam,False,"{""beam_width"": 200, ""expansion_width"": 64, ""max_nodes_per_token_side"": 8, ""max_token_types_per_expansion"": 2048, ""search"": ""partial""}",equality,1300,1300,1690000,411181,14000.0,14004.279507160187,ok,,14004.279507056955,0.004835050000110641,0.004921449988614768,0.004495840024901554,0.00447678699856624,0.004517287015914917,0.00449663801312757,0.004486313511733897,0.0045065635204082355,2.0261797556421996e-05,1.9053026335313916e-05,3,"[0.00447678699856624, 0.004517287015914917, 0.004495840024901554]",0.009330890025012195,3,1,17,1.0,0.8235294117647058,1.0,1.0,fast_beam_partial_equality,1300,1300,0.0,5.08539960719645e-05,0.0029008779965806752,0.001614854991203174,2.046028384938836e-06,0.0046441050071734935,26878,26878,26878,,26878,15072,3185,200,19,1,1,14004.279507160187,17,,,,,,,fast_beam_partial_fit,1300,1300,0.004920287989079952,0.0,0.0,0.0,0.0,0.004920287989079952,0,,,,,,,,,1,1,,,0.00506990501889959,0.10031146899564192,0.1053813740145415,14004.279507160187,14004.279507056955,0.0,isolated,1,True,1200.0,0.41187194499070756,0.13832984599866904,0.2735420989920385,202649600,193.26171875,resource.ru_maxrss_kib_converted_to_bytes,0,"{""BLIS_NUM_THREADS"": ""1"", ""MKL_DYNAMIC"": ""FALSE"", ""MKL_NUM_THREADS"": ""1"", ""NUMBA_NUM_THREADS"": ""1"", ""NUMEXPR_NUM_THREADS"": ""1"", ""OMP_DYNAMIC"": ""FALSE"", ""OMP_NUM_THREADS"": ""1"", ""OPENBLAS_NUM_THREADS"": ""1"", ""PYTHONHASHSEED"": ""0"", ""VECLIB_MAXIMUM_THREADS"": ""1""}",tree_tree,1,0,0,0.04581007998785935,43,14,14,14,103,141,medium,medium,30,zipf,1,inverse_sqrt,14,reserved,fast_dense,"Exact-oracle companion to the large rare-anchor stress regime. The score-only partial beam should preserve the delayed rare anchors and remain above the 99% quality floor, while local beams may prune the relevant branch; at this smaller scale the specialized dense exact method is still expected to be fastest.",160,160,22,30,6,8,200.0,descending_token_weight_first_descendants,0.0,64.0,8.0,2048.0,161.0,True,3186.0,43.0,26878.0,135454.0,,False,no_exact_result,0,,,,,,,,1.0,1.0,,
partial_beam_implementation_rare_anchor,size,rare_anchor_oracle,n1300,nodes_per_tree,1300,partial_beam_implementation_rare_anchor__n1300,1,beam_partial_score,generic,False,"{""beam_balance_penalty"": 0.0, ""beam_candidate_future_weight"": 0.0, ""beam_expansion_width"": 64, ""beam_gap_penalty"": 0.0, ""beam_lookahead"": false, ""beam_n_restarts"": 1, ""beam_priority_future_weight"": 0.0, ""beam_priority_length_weight"": 0.0, ""beam_random_fraction"": 0.0, ""beam_rarity_weight"": 0.0, ""beam_symmetric"": false, ""beam_width"": 200, ""candidate_select_mode"": ""first"", ""method"": ""beam"", ""seed"": 0}",equality,1300,1300,1690000,411181,14000.0,14004.279507056955,ok,,14004.279507056955,1.4069955796003342e-06,7.913971785455942e-06,0.21702573701622896,0.21641146100591868,0.2181627680256497,0.21719998868259913,0.21671859901107382,0.21759425252093934,0.0008885616477005848,0.0006142760103102773,3,"[0.21641146100591868, 0.2181627680256497, 0.21702573701622896]",0.21702714401180856,3,1,17,1.0,0.8235294117647058,1.0,1.0,beam_partial,1300,1300,0.0,0.0025072589924093336,0.20726625865790993,0.01383949036244303,2.554996171966195e-06,0.22392403101548553,108927,26878,26878,,26878,15072,3185,200,19,1,1,14004.279507056955,17,1892.0,0.0,[14004.279507056955],0.0,"{""beam_width"": 200, ""expansion_width"": 64, ""label_pair_preprocessing_score_evaluations"": 1892, ""lookahead_enabled"": false, ""maximum_matching_length"": 161, ""positive_label_pair_types"": 43, ""state_pool_size"": 26879}",True,beam_fit,1300,1300,7.0480164140462875e-06,0.0,0.0,0.0,0.0,7.0480164140462875e-06,0,,,,,,,,,1,1,,,2.2390158846974373e-06,0.21841027500340715,0.21841251401929185,14004.279507056955,14004.279507056955,0.0,isolated,1,True,1200.0,1.54855712299468,1.3113594370079227,0.23719768598675728,142503936,135.90234375,resource.ru_maxrss_kib_converted_to_bytes,0,"{""BLIS_NUM_THREADS"": ""1"", ""MKL_DYNAMIC"": ""FALSE"", ""MKL_NUM_THREADS"": ""1"", ""NUMBA_NUM_THREADS"": ""1"", ""NUMEXPR_NUM_THREADS"": ""1"", ""OMP_DYNAMIC"": ""FALSE"", ""OMP_NUM_THREADS"": ""1"", ""OPENBLAS_NUM_THREADS"": ""1"", ""PYTHONHASHSEED"": ""0"", ""VECLIB_MAXIMUM_THREADS"": ""1""}",tree_tree,0,1,0,0.04581007998785935,43,14,14,14,103,141,medium,medium,30,zipf,1,inverse_sqrt,14,reserved,fast_dense,"Exact-oracle companion to the large rare-anchor stress regime. The score-only partial beam should preserve the delayed rare anchors and remain above the 99% quality floor, while local beams may prune the relevant branch; at this smaller scale the specialized dense exact method is still expected to be fastest.",160,160,22,30,6,8,,,,,,,,,,,,,,False,no_exact_result,0,,,,,,,,0.02071569983686018,0.0429941151716234,,
partial_beam_implementation_rare_anchor,size,rare_anchor_oracle,n1300,nodes_per_tree,1300,partial_beam_implementation_rare_anchor__n1300,2,beam_partial_score,generic,False,"{""beam_balance_penalty"": 0.0, ""beam_candidate_future_weight"": 0.0, ""beam_expansion_width"": 64, ""beam_gap_penalty"": 0.0, ""beam_lookahead"": false, ""beam_n_restarts"": 1, ""beam_priority_future_weight"": 0.0, ""beam_priority_length_weight"": 0.0, ""beam_random_fraction"": 0.0, ""beam_rarity_weight"": 0.0, ""beam_symmetric"": false, ""beam_width"": 200, ""candidate_select_mode"": ""first"", ""method"": ""beam"", ""seed"": 0}",equality,1300,1300,1690000,404711,14000.0,14007.196152422706,ok,,14007.196152422706,1.1950032785534859e-06,6.216985639184713e-06,0.2227193319995422,0.2220326499955263,0.22313496301649138,0.22262898167051995,0.22237599099753425,0.2229271475080168,0.0005566829308620053,0.0004156310169491917,3,"[0.2220326499955263, 0.22313496301649138, 0.2227193319995422]",0.22272052700282075,3,1,17,1.0,0.8235294117647058,1.0,1.0,beam_partial,1300,1300,0.0,0.002400684985332191,0.21248716488480568,0.013911347108660266,2.487009624019265e-06,0.22906297698500566,118636,26648,26648,,26648,16834,3121,200,20,1,1,14007.196152422706,17,1936.0,0.0,[14007.196152422706],0.0,"{""beam_width"": 200, ""expansion_width"": 64, ""label_pair_preprocessing_score_evaluations"": 1936, ""lookahead_enabled"": false, ""maximum_matching_length"": 161, ""positive_label_pair_types"": 44, ""state_pool_size"": 26649}",True,beam_fit,1300,1300,5.277019226923585e-06,0.0,0.0,0.0,0.0,5.277019226923585e-06,0,,,,,,,,,1,1,,,2.0779843907803297e-06,0.223302138998406,0.2233042169827968,14007.196152422706,14007.196152422706,0.0,isolated,1,True,1200.0,1.5707230379921384,1.3430929530004505,0.2276300849916879,142622720,136.015625,resource.ru_maxrss_kib_converted_to_bytes,0,"{""BLIS_NUM_THREADS"": ""1"", ""MKL_DYNAMIC"": ""FALSE"", ""MKL_NUM_THREADS"": ""1"", ""NUMBA_NUM_THREADS"": ""1"", ""NUMEXPR_NUM_THREADS"": ""1"", ""OMP_DYNAMIC"": ""FALSE"", ""OMP_NUM_THREADS"": ""1"", ""OPENBLAS_NUM_THREADS"": ""1"", ""PYTHONHASHSEED"": ""0"", ""VECLIB_MAXIMUM_THREADS"": ""1""}",tree_tree,0,0,1,0.04547198300133459,44,14,14,14,72,95,medium,medium,30,zipf,1,inverse_sqrt,14,reserved,fast_dense,"Exact-oracle companion to the large rare-anchor stress regime. The score-only partial beam should preserve the delayed rare anchors and remain above the 99% quality floor, while local beams may prune the relevant branch; at this smaller scale the specialized dense exact method is still expected to be fastest.",160,160,22,23,6,7,,,,,,,,,,,,,,False,no_exact_result,0,,,,,,,,0.017686879428971285,0.03850019615186549,,
partial_beam_implementation_rare_anchor,size,rare_anchor_oracle,n1300,nodes_per_tree,1300,partial_beam_implementation_rare_anchor__n1300,2,fast_beam_partial,fast_beam,False,"{""beam_width"": 200, ""expansion_width"": 64, ""max_nodes_per_token_side"": 8, ""max_token_types_per_expansion"": 2048, ""search"": ""partial""}",equality,1300,1300,1690000,404711,14000.0,14007.196152210236,ok,,14007.196152422706,0.004635574005078524,0.004743656987557188,0.003939209971576929,0.00390936600160785,0.003973984974436462,0.003940853649207081,0.00392428798659239,0.0039565974730066955,3.234082821249496e-05,2.98439699690789e-05,3,"[0.003973984974436462, 0.003939209971576929, 0.00390936600160785]",0.008574783976655453,3,1,17,1.0,0.8235294117647058,1.0,1.0,fast_beam_partial_equality,1300,1300,0.0,4.614499630406499e-05,0.0031114660669118166,0.0015508099168073386,1.9319995772093534e-06,0.004783373995451257,26648,26648,26648,,26648,16834,3121,200,20,1,1,14007.196152210236,17,,,,,,,fast_beam_partial_fit,1300,1300,0.004742580989841372,0.0,0.0,0.0,0.0,0.004742580989841372,0,,,,,,,,,1,1,,,0.004837459011469036,0.09679524699458852,0.10163270600605756,14007.196152210236,14007.196152422706,0.0,isolated,1,True,1200.0,0.3898909249983262,0.13207769798464142,0.2578132270136848,202485760,193.10546875,resource.ru_maxrss_kib_converted_to_bytes,0,"{""BLIS_NUM_THREADS"": ""1"", ""MKL_DYNAMIC"": ""FALSE"", ""MKL_NUM_THREADS"": ""1"", ""NUMBA_NUM_THREADS"": ""1"", ""NUMEXPR_NUM_THREADS"": ""1"", ""OMP_DYNAMIC"": ""FALSE"", ""OMP_NUM_THREADS"": ""1"", ""OPENBLAS_NUM_THREADS"": ""1"", ""PYTHONHASHSEED"": ""0"", ""VECLIB_MAXIMUM_THREADS"": ""1""}",tree_tree,1,1,1,0.04547198300133459,44,14,14,14,72,95,medium,medium,30,zipf,1,inverse_sqrt,14,reserved,fast_dense,"Exact-oracle companion to the large rare-anchor stress regime. The score-only partial beam should preserve the delayed rare anchors and remain above the 99% quality floor, while local beams may prune the relevant branch; at this smaller scale the specialized dense exact method is still expected to be fastest.",160,160,22,23,6,7,200.0,descending_token_weight_first_descendants,0.0,64.0,8.0,2048.0,161.0,True,3122.0,44.0,26648.0,135460.0,,False,no_exact_result,0,,,,,,,,1.0,1.0,,
partial_beam_implementation_rare_anchor,size,rare_anchor_oracle,n1300,nodes_per_tree,1300,partial_beam_implementation_rare_anchor__n1300,3,fast_beam_partial,fast_beam,False,"{""beam_width"": 200, ""expansion_width"": 64, ""max_nodes_per_token_side"": 8, ""max_token_types_per_expansion"": 2048, ""search"": ""partial""}",equality,1300,1300,1690000,375942,14000.0,14000.0,ok,,14000.0,0.004632399999536574,0.004760064010042697,0.0065961469954345375,0.006583534006495029,0.006617870996706188,0.006599183999545251,0.006589840500964783,0.006607008996070363,1.7368787224981383e-05,1.2612988939508796e-05,3,"[0.006617870996706188, 0.006583534006495029, 0.0065961469954345375]",0.011228546994971111,3,1,14,1.0,1.0,1.0,1.0,fast_beam_partial_equality,1300,1300,0.0,4.6492001274600625e-05,0.004052688978845254,0.0025689930480439216,1.8799910321831703e-06,0.006752621993655339,44291,44291,44291,,44291,31044,4058,200,25,1,1,14000.0,14,,,,,,,fast_beam_partial_fit,1300,1300,0.00475886301137507,0.0,0.0,0.0,0.0,0.00475886301137507,0,,,,,,,,,1,1,,,0.005078458983916789,0.10021634597796947,0.10529480496188626,14000.0,14000.0,0.0,isolated,1,True,1200.0,0.4078227450081613,0.14840104899485596,0.25942169601330534,202891264,193.4921875,resource.ru_maxrss_kib_converted_to_bytes,0,"{""BLIS_NUM_THREADS"": ""1"", ""MKL_DYNAMIC"": ""FALSE"", ""MKL_NUM_THREADS"": ""1"", ""NUMBA_NUM_THREADS"": ""1"", ""NUMEXPR_NUM_THREADS"": ""1"", ""OMP_DYNAMIC"": ""FALSE"", ""OMP_NUM_THREADS"": ""1"", ""OPENBLAS_NUM_THREADS"": ""1"", ""PYTHONHASHSEED"": ""0"", ""VECLIB_MAXIMUM_THREADS"": ""1""}",tree_tree,1,0,1,0.04659927298780531,44,14,14,14,143,36,medium,medium,30,zipf,1,inverse_sqrt,14,reserved,fast_dense,"Exact-oracle companion to the large rare-anchor stress regime. The score-only partial beam should preserve the delayed rare anchors and remain above the 99% quality floor, while local beams may prune the relevant branch; at this smaller scale the specialized dense exact method is still expected to be fastest.",160,160,27,22,6,5,200.0,descending_token_weight_first_descendants,0.0,64.0,8.0,2048.0,161.0,True,4059.0,44.0,44291.0,175807.0,,False,no_exact_result,0,,,,,,,,1.0,1.0,,
partial_beam_implementation_rare_anchor,size,rare_anchor_oracle,n1300,nodes_per_tree,1300,partial_beam_implementation_rare_anchor__n1300,3,beam_partial_score,generic,False,"{""beam_balance_penalty"": 0.0, ""beam_candidate_future_weight"": 0.0, ""beam_expansion_width"": 64, ""beam_gap_penalty"": 0.0, ""beam_lookahead"": false, ""beam_n_restarts"": 1, ""beam_priority_future_weight"": 0.0, ""beam_priority_length_weight"": 0.0, ""beam_random_fraction"": 0.0, ""beam_rarity_weight"": 0.0, ""beam_symmetric"": false, ""beam_width"": 200, ""candidate_select_mode"": ""first"", ""method"": ""beam"", ""seed"": 0}",equality,1300,1300,1690000,375942,14000.0,14000.0,ok,,14000.0,1.348002115264535e-06,7.727998308837414e-06,0.35765493000508286,0.3563904199982062,0.3582946499809623,0.3574466666614171,0.35702267500164453,0.35797478999302257,0.000969047559226549,0.0006397199758794159,3,"[0.3582946499809623, 0.35765493000508286, 0.3563904199982062]",0.3576562780071981,3,1,14,1.0,1.0,1.0,1.0,beam_partial,1300,1300,0.0,0.002530808007577434,0.3409028090245556,0.025687016954179853,2.501998096704483e-06,0.36958454200066626,185601,44291,44291,,44291,31044,4058,200,25,1,1,14000.0,14,1936.0,0.0,[14000.0],0.0,"{""beam_width"": 200, ""expansion_width"": 64, ""label_pair_preprocessing_score_evaluations"": 1936, ""lookahead_enabled"": false, ""maximum_matching_length"": 161, ""positive_label_pair_types"": 44, ""state_pool_size"": 44292}",True,beam_fit,1300,1300,6.807997124269605e-06,0.0,0.0,0.0,0.0,6.807997124269605e-06,0,,,,,,,,,1,1,,,2.4400069378316402e-06,0.3588042320043314,0.35880667201126926,14000.0,14000.0,0.0,isolated,1,True,1200.0,2.397338173002936,2.1590869950014167,0.2382511780015193,143613952,136.9609375,resource.ru_maxrss_kib_converted_to_bytes,0,"{""BLIS_NUM_THREADS"": ""1"", ""MKL_DYNAMIC"": ""FALSE"", ""MKL_NUM_THREADS"": ""1"", ""NUMBA_NUM_THREADS"": ""1"", ""NUMEXPR_NUM_THREADS"": ""1"", ""OMP_DYNAMIC"": ""FALSE"", ""OMP_NUM_THREADS"": ""1"", ""OPENBLAS_NUM_THREADS"": ""1"", ""PYTHONHASHSEED"": ""0"", ""VECLIB_MAXIMUM_THREADS"": ""1""}",tree_tree,0,1,1,0.04659927298780531,44,14,14,14,143,36,medium,medium,30,zipf,1,inverse_sqrt,14,reserved,fast_dense,"Exact-oracle companion to the large rare-anchor stress regime. The score-only partial beam should preserve the delayed rare anchors and remain above the 99% quality floor, while local beams may prune the relevant branch; at this smaller scale the specialized dense exact method is still expected to be fastest.",160,160,27,22,6,5,,,,,,,,,,,,,,False,no_exact_result,0,,,,,,,,0.018442768272034712,0.03139479910022753,,
partial_beam_implementation_rare_anchor,size,rare_anchor_oracle,n2000,nodes_per_tree,2000,partial_beam_implementation_rare_anchor__n2000,0,beam_partial_score,generic,False,"{""beam_balance_penalty"": 0.0, ""beam_candidate_future_weight"": 0.0, ""beam_expansion_width"": 64, ""beam_gap_penalty"": 0.0, ""beam_lookahead"": false, ""beam_n_restarts"": 1, ""beam_priority_future_weight"": 0.0, ""beam_priority_length_weight"": 0.0, ""beam_random_fraction"": 0.0, ""beam_rarity_weight"": 0.0, ""beam_symmetric"": false, ""beam_width"": 200, ""candidate_select_mode"": ""first"", ""method"": ""beam"", ""seed"": 0}",equality,2000,2000,4000000,928904,14000.0,14003.363585661016,ok,,14003.363585661014,1.0980002116411924e-06,6.237009074538946e-06,0.2755445559741929,0.2747125439927913,0.27572642199811526,0.2753278406550332,0.2751285499834921,0.2756354889861541,0.0005405657218033651,0.00018186602392233908,3,"[0.27572642199811526, 0.2747125439927913, 0.2755445559741929]",0.27554565397440456,3,1,16,1.0,0.875,1.0,1.0,beam_partial,2000,2000,0.0,0.0038656030083075166,0.26165695235249586,0.017341630649752915,2.529995981603861e-06,0.2832373729906976,146193,32272,32272,,32272,22257,3463,200,22,1,1,14003.363585661016,16,1936.0,0.0,[14003.363585661016],0.0,"{""beam_width"": 200, ""expansion_width"": 64, ""label_pair_preprocessing_score_evaluations"": 1936, ""lookahead_enabled"": false, ""maximum_matching_length"": 201, ""positive_label_pair_types"": 44, ""state_pool_size"": 32273}",True,beam_fit,2000,2000,5.4000120144337416e-06,0.0,0.0,0.0,0.0,5.4000120144337416e-06,0,,,,,,,,,1,1,,,1.9139843061566353e-06,0.2755336959962733,0.27553560998057947,14003.363585661016,14003.363585661014,0.0,isolated,1,True,1200.0,1.8876998710038606,1.6614285339892376,0.226271337014623,143441920,136.796875,resource.ru_maxrss_kib_converted_to_bytes,0,"{""BLIS_NUM_THREADS"": ""1"", ""MKL_DYNAMIC"": ""FALSE"", ""MKL_NUM_THREADS"": ""1"", ""NUMBA_NUM_THREADS"": ""1"", ""NUMEXPR_NUM_THREADS"": ""1"", ""OMP_DYNAMIC"": ""FALSE"", ""OMP_NUM_THREADS"": ""1"", ""OPENBLAS_NUM_THREADS"": ""1"", ""PYTHONHASHSEED"": ""0"", ""VECLIB_MAXIMUM_THREADS"": ""1""}",tree_tree,0,0,0,0.06657730400911532,44,14,14,14,153,174,medium,medium,30,zipf,1,inverse_sqrt,14,reserved,fast_dense,"Exact-oracle companion to the large rare-anchor stress regime. The score-only partial beam should preserve the delayed rare anchors and remain above the 99% quality floor, while local beams may prune the relevant branch; at this smaller scale the specialized dense exact method is still expected to be fastest.",200,200,24,32,5,7,,,,,,,,,,,,,,False,no_exact_result,0,,,,,,,,0.01962639037089456,0.04618049257932937,,
partial_beam_implementation_rare_anchor,size,rare_anchor_oracle,n2000,nodes_per_tree,2000,partial_beam_implementation_rare_anchor__n2000,0,fast_beam_partial,fast_beam,False,"{""beam_width"": 200, ""expansion_width"": 64, ""max_nodes_per_token_side"": 8, ""max_token_types_per_expansion"": 2048, ""search"": ""partial""}",equality,2000,2000,4000000,928904,14000.0,14003.363585710526,ok,,14003.363585661014,0.0073168890085071325,0.007442606001859531,0.005407945020124316,0.005378433997975662,0.005421609006589279,0.005402662674896419,0.005393189509049989,0.005414777013356797,2.2066891954384398e-05,1.3663986464962363e-05,3,"[0.005407945020124316, 0.005378433997975662, 0.005421609006589279]",0.012724834028631449,3,1,16,1.0,0.875,1.0,1.0,fast_beam_partial_equality,2000,2000,0.0,5.036700167693198e-05,0.00346392291248776,0.0019898111058864743,1.9459985196590424e-06,0.005584230995737016,32272,32272,32272,,32272,22257,3463,200,22,1,1,14003.363585710526,16,,,,,,,fast_beam_partial_fit,2000,2000,0.007441396010108292,0.0,0.0,0.0,0.0,0.007441396010108292,0,,,,,,,,,1,1,,,0.007545288011897355,0.1014451019873377,0.10899038999923505,14003.363585710526,14003.363585661014,0.0,isolated,1,True,1200.0,0.41550936101702973,0.15147229400463402,0.2640370670123957,203014144,193.609375,resource.ru_maxrss_kib_converted_to_bytes,0,"{""BLIS_NUM_THREADS"": ""1"", ""MKL_DYNAMIC"": ""FALSE"", ""MKL_NUM_THREADS"": ""1"", ""NUMBA_NUM_THREADS"": ""1"", ""NUMEXPR_NUM_THREADS"": ""1"", ""OMP_DYNAMIC"": ""FALSE"", ""OMP_NUM_THREADS"": ""1"", ""OPENBLAS_NUM_THREADS"": ""1"", ""PYTHONHASHSEED"": ""0"", ""VECLIB_MAXIMUM_THREADS"": ""1""}",tree_tree,1,1,0,0.06657730400911532,44,14,14,14,153,174,medium,medium,30,zipf,1,inverse_sqrt,14,reserved,fast_dense,"Exact-oracle companion to the large rare-anchor stress regime. The score-only partial beam should preserve the delayed rare anchors and remain above the 99% quality floor, while local beams may prune the relevant branch; at this smaller scale the specialized dense exact method is still expected to be fastest.",200,200,24,32,5,7,200.0,descending_token_weight_first_descendants,0.0,64.0,8.0,2048.0,201.0,True,3464.0,44.0,32272.0,150231.0,,False,no_exact_result,0,,,,,,,,1.0,1.0,,
partial_beam_implementation_rare_anchor,size,rare_anchor_oracle,n2000,nodes_per_tree,2000,partial_beam_implementation_rare_anchor__n2000,1,fast_beam_partial,fast_beam,False,"{""beam_width"": 200, ""expansion_width"": 64, ""max_nodes_per_token_side"": 8, ""max_token_types_per_expansion"": 2048, ""search"": ""partial""}",equality,2000,2000,4000000,923715,14000.0,14006.0,ok,,14006.0,0.007119079993572086,0.007312484987778589,0.005355898989364505,0.005352995009161532,0.0053600239916704595,0.005356305996732165,0.005354446999263018,0.005357961490517482,3.532122594942025e-06,2.903980202972889e-06,3,"[0.005355898989364505, 0.0053600239916704595, 0.005352995009161532]",0.012474978982936591,3,1,20,1.0,0.7,1.0,1.0,fast_beam_partial_equality,2000,2000,0.0,4.81919851154089e-05,0.0033166180946864188,0.0020399318891577423,2.461019903421402e-06,0.005490859010023996,35013,35013,35013,,35013,20344,4042,200,24,1,1,14006.0,20,,,,,,,fast_beam_partial_fit,2000,2000,0.007311205001315102,0.0,0.0,0.0,0.0,0.007311205001315102,0,,,,,,,,,1,1,,,0.007443412992870435,0.09791850601322949,0.10536191900609992,14006.0,14006.0,0.0,isolated,1,True,1200.0,0.4057420449971687,0.1472555159998592,0.2584865289973095,202985472,193.58203125,resource.ru_maxrss_kib_converted_to_bytes,0,"{""BLIS_NUM_THREADS"": ""1"", ""MKL_DYNAMIC"": ""FALSE"", ""MKL_NUM_THREADS"": ""1"", ""NUMBA_NUM_THREADS"": ""1"", ""NUMEXPR_NUM_THREADS"": ""1"", ""OMP_DYNAMIC"": ""FALSE"", ""OMP_NUM_THREADS"": ""1"", ""OPENBLAS_NUM_THREADS"": ""1"", ""PYTHONHASHSEED"": ""0"", ""VECLIB_MAXIMUM_THREADS"": ""1""}",tree_tree,1,0,0,0.0671218019851949,44,14,14,14,200,139,medium,medium,30,zipf,1,inverse_sqrt,14,reserved,fast_dense,"Exact-oracle companion to the large rare-anchor stress regime. The score-only partial beam should preserve the delayed rare anchors and remain above the 99% quality floor, while local beams may prune the relevant branch; at this smaller scale the specialized dense exact method is still expected to be fastest.",200,200,27,31,7,5,200.0,descending_token_weight_first_descendants,0.0,64.0,8.0,2048.0,201.0,True,4043.0,44.0,35013.0,175935.0,,False,no_exact_result,0,,,,,,,,1.0,1.0,,
partial_beam_implementation_rare_anchor,size,rare_anchor_oracle,n2000,nodes_per_tree,2000,partial_beam_implementation_rare_anchor__n2000,1,beam_partial_score,generic,False,"{""beam_balance_penalty"": 0.0, ""beam_candidate_future_weight"": 0.0, ""beam_expansion_width"": 64, ""beam_gap_penalty"": 0.0, ""beam_lookahead"": false, ""beam_n_restarts"": 1, ""beam_priority_future_weight"": 0.0, ""beam_priority_length_weight"": 0.0, ""beam_random_fraction"": 0.0, ""beam_rarity_weight"": 0.0, ""beam_symmetric"": false, ""beam_width"": 200, ""candidate_select_mode"": ""first"", ""method"": ""beam"", ""seed"": 0}",equality,2000,2000,4000000,923715,14000.0,14006.0,ok,,14006.0,1.3569951988756657e-06,7.1369868237525225e-06,0.27422822700464167,0.2740342050092295,0.2746774999832269,0.27431331066569936,0.2741312160069356,0.2744528634939343,0.0003299795871365556,0.0001940219954121858,3,"[0.2746774999832269, 0.2740342050092295, 0.27422822700464167]",0.27422958399984054,3,1,20,1.0,0.7,1.0,1.0,beam_partial,2000,2000,0.0,0.003965299023548141,0.26126725526410155,0.01818891873699613,2.7740024961531162e-06,0.283794980001403,135299,35013,35013,,35013,20344,4042,200,24,1,1,14006.0,20,1936.0,0.0,[14006.0],0.0,"{""beam_width"": 200, ""expansion_width"": 64, ""label_pair_preprocessing_score_evaluations"": 1936, ""lookahead_enabled"": false, ""maximum_matching_length"": 201, ""positive_label_pair_types"": 44, ""state_pool_size"": 35014}",True,beam_fit,2000,2000,6.223999662324786e-06,0.0,0.0,0.0,0.0,6.223999662324786e-06,0,,,,,,,,,1,1,,,2.316985046491027e-06,0.2767881930049043,0.2767905099899508,14006.0,14006.0,0.0,isolated,1,True,1200.0,1.894444180012215,1.6587472949759103,0.2356968850363046,143712256,137.0546875,resource.ru_maxrss_kib_converted_to_bytes,0,"{""BLIS_NUM_THREADS"": ""1"", ""MKL_DYNAMIC"": ""FALSE"", ""MKL_NUM_THREADS"": ""1"", ""NUMBA_NUM_THREADS"": ""1"", ""NUMEXPR_NUM_THREADS"": ""1"", ""OMP_DYNAMIC"": ""FALSE"", ""OMP_NUM_THREADS"": ""1"", ""OPENBLAS_NUM_THREADS"": ""1"", ""PYTHONHASHSEED"": ""0"", ""VECLIB_MAXIMUM_THREADS"": ""1""}",tree_tree,0,1,0,0.0671218019851949,44,14,14,14,200,139,medium,medium,30,zipf,1,inverse_sqrt,14,reserved,fast_dense,"Exact-oracle companion to the large rare-anchor stress regime. The score-only partial beam should preserve the delayed rare anchors and remain above the 99% quality floor, while local beams may prune the relevant branch; at this smaller scale the specialized dense exact method is still expected to be fastest.",200,200,27,31,7,5,,,,,,,,,,,,,,False,no_exact_result,0,,,,,,,,0.019530808508906157,0.045491003563436994,,
partial_beam_implementation_rare_anchor,size,rare_anchor_oracle,n2000,nodes_per_tree,2000,partial_beam_implementation_rare_anchor__n2000,2,beam_partial_score,generic,False,"{""beam_balance_penalty"": 0.0, ""beam_candidate_future_weight"": 0.0, ""beam_expansion_width"": 64, ""beam_gap_penalty"": 0.0, ""beam_lookahead"": false, ""beam_n_restarts"": 1, ""beam_priority_future_weight"": 0.0, ""beam_priority_length_weight"": 0.0, ""beam_random_fraction"": 0.0, ""beam_rarity_weight"": 0.0, ""beam_symmetric"": false, ""beam_width"": 200, ""candidate_select_mode"": ""first"", ""method"": ""beam"", ""seed"": 0}",equality,2000,2000,4000000,953671,14000.0,14000.0,ok,,14000.0,1.2509990483522415e-06,6.975984433665872e-06,0.3246082870173268,0.32451470001251437,0.32505318900803104,0.32472539201262407,0.3245614935149206,0.3248307380126789,0.0002877112867369278,9.358700481243432e-05,3,"[0.32505318900803104, 0.32451470001251437, 0.3246082870173268]",0.32460953801637515,3,1,14,1.0,1.0,1.0,1.0,beam_partial,2000,2000,0.0,0.003892273991368711,0.30783727567177266,0.021241431328235194,2.815999323502183e-06,0.33338247597566806,175361,36263,36263,,36263,28107,3651,200,23,1,1,14000.0,14,1936.0,0.0,[14000.0],0.0,"{""beam_width"": 200, ""expansion_width"": 64, ""label_pair_preprocessing_score_evaluations"": 1936, ""lookahead_enabled"": false, ""maximum_matching_length"": 201, ""positive_label_pair_types"": 44, ""state_pool_size"": 36264}",True,beam_fit,2000,2000,6.1280152294784784e-06,0.0,0.0,0.0,0.0,6.1280152294784784e-06,0,,,,,,,,,1,1,,,2.2279855329543352e-06,0.32683492900105193,0.3268371569865849,14000.0,14000.0,0.0,isolated,1,True,1200.0,2.187178877997212,1.9605604780081194,0.22661839998909272,144359424,137.671875,resource.ru_maxrss_kib_converted_to_bytes,0,"{""BLIS_NUM_THREADS"": ""1"", ""MKL_DYNAMIC"": ""FALSE"", ""MKL_NUM_THREADS"": ""1"", ""NUMBA_NUM_THREADS"": ""1"", ""NUMEXPR_NUM_THREADS"": ""1"", ""OMP_DYNAMIC"": ""FALSE"", ""OMP_NUM_THREADS"": ""1"", ""OPENBLAS_NUM_THREADS"": ""1"", ""PYTHONHASHSEED"": ""0"", ""VECLIB_MAXIMUM_THREADS"": ""1""}",tree_tree,0,0,1,0.06626695301383734,44,14,14,14,110,138,medium,medium,30,zipf,1,inverse_sqrt,14,reserved,fast_dense,"Exact-oracle companion to the large rare-anchor stress regime. The score-only partial beam should preserve the delayed rare anchors and remain above the 99% quality floor, while local beams may prune the relevant branch; at this smaller scale the specialized dense exact method is still expected to be fastest.",200,200,30,29,6,6,,,,,,,,,,,,,,False,no_exact_result,0,,,,,,,,0.018384589173036016,0.041091833271384194,,
partial_beam_implementation_rare_anchor,size,rare_anchor_oracle,n2000,nodes_per_tree,2000,partial_beam_implementation_rare_anchor__n2000,2,fast_beam_partial,fast_beam,False,"{""beam_width"": 200, ""expansion_width"": 64, ""max_nodes_per_token_side"": 8, ""max_token_types_per_expansion"": 2048, ""search"": ""partial""}",equality,2000,2000,4000000,953671,14000.0,14000.0,ok,,14000.0,0.007371011015493423,0.007498435006709769,0.005967789998976514,0.005927694990532473,0.0059999079967383295,0.005965130995415772,0.005947742494754493,0.005983848997857422,3.6179860299257736e-05,3.2117997761815786e-05,3,"[0.0059999079967383295, 0.005927694990532473, 0.005967789998976514]",0.013338801014469936,3,1,14,1.0,1.0,1.0,1.0,fast_beam_partial_equality,2000,2000,0.0,4.894300946034491e-05,0.0037831760419066995,0.0021837159583810717,1.9709987100213766e-06,0.006096725002862513,36263,36263,36263,,36263,28107,3651,200,23,1,1,14000.0,14,,,,,,,fast_beam_partial_fit,2000,2000,0.007497343001887202,0.0,0.0,0.0,0.0,0.007497343001887202,0,,,,,,,,,1,1,,,0.0077656779903918505,0.10215313200023957,0.10991880999063142,14000.0,14000.0,0.0,isolated,1,True,1200.0,0.41881376699893735,0.15538823200040497,0.2634255349985324,202960896,193.55859375,resource.ru_maxrss_kib_converted_to_bytes,0,"{""BLIS_NUM_THREADS"": ""1"", ""MKL_DYNAMIC"": ""FALSE"", ""MKL_NUM_THREADS"": ""1"", ""NUMBA_NUM_THREADS"": ""1"", ""NUMEXPR_NUM_THREADS"": ""1"", ""OMP_DYNAMIC"": ""FALSE"", ""OMP_NUM_THREADS"": ""1"", ""OPENBLAS_NUM_THREADS"": ""1"", ""PYTHONHASHSEED"": ""0"", ""VECLIB_MAXIMUM_THREADS"": ""1""}",tree_tree,1,1,1,0.06626695301383734,44,14,14,14,110,138,medium,medium,30,zipf,1,inverse_sqrt,14,reserved,fast_dense,"Exact-oracle companion to the large rare-anchor stress regime. The score-only partial beam should preserve the delayed rare anchors and remain above the 99% quality floor, while local beams may prune the relevant branch; at this smaller scale the specialized dense exact method is still expected to be fastest.",200,200,30,29,6,6,200.0,descending_token_weight_first_descendants,0.0,64.0,8.0,2048.0,201.0,True,3652.0,44.0,36263.0,158311.0,,False,no_exact_result,0,,,,,,,,1.0,1.0,,
partial_beam_implementation_rare_anchor,size,rare_anchor_oracle,n2000,nodes_per_tree,2000,partial_beam_implementation_rare_anchor__n2000,3,fast_beam_partial,fast_beam,False,"{""beam_width"": 200, ""expansion_width"": 64, ""max_nodes_per_token_side"": 8, ""max_token_types_per_expansion"": 2048, ""search"": ""partial""}",equality,2000,2000,4000000,921285,14000.0,14000.0,ok,,14000.0,0.007113860978279263,0.007198045990662649,0.00550328497774899,0.005436561012174934,0.005503633990883827,0.005481159993602584,0.005469922994961962,0.005503459484316409,3.862424511663563e-05,3.490131348371506e-07,3,"[0.005503633990883827, 0.00550328497774899, 0.005436561012174934]",0.012617145956028253,3,1,14,1.0,1.0,1.0,1.0,fast_beam_partial_equality,2000,2000,0.0,4.858302418142557e-05,0.003469310875516385,0.0020287361403461546,1.880020136013627e-06,0.005623308010399342,33769,33769,33769,,33769,23691,3378,200,22,1,1,14000.0,14,,,,,,,fast_beam_partial_fit,2000,2000,0.00719711699639447,0.0,0.0,0.0,0.0,0.00719711699639447,0,,,,,,,,,1,1,,,0.0073731199954636395,0.09875474200816825,0.10612786200363189,14000.0,14000.0,0.0,isolated,1,True,1200.0,0.4063474049908109,0.14851283899042755,0.25783456600038335,202813440,193.41796875,resource.ru_maxrss_kib_converted_to_bytes,0,"{""BLIS_NUM_THREADS"": ""1"", ""MKL_DYNAMIC"": ""FALSE"", ""MKL_NUM_THREADS"": ""1"", ""NUMBA_NUM_THREADS"": ""1"", ""NUMEXPR_NUM_THREADS"": ""1"", ""OMP_DYNAMIC"": ""FALSE"", ""OMP_NUM_THREADS"": ""1"", ""OPENBLAS_NUM_THREADS"": ""1"", ""PYTHONHASHSEED"": ""0"", ""VECLIB_MAXIMUM_THREADS"": ""1""}",tree_tree,1,0,1,0.06705547097953968,44,14,14,14,179,170,medium,medium,30,zipf,1,inverse_sqrt,14,reserved,fast_dense,"Exact-oracle companion to the large rare-anchor stress regime. The score-only partial beam should preserve the delayed rare anchors and remain above the 99% quality floor, while local beams may prune the relevant branch; at this smaller scale the specialized dense exact method is still expected to be fastest.",200,200,32,33,6,5,200.0,descending_token_weight_first_descendants,0.0,64.0,8.0,2048.0,201.0,True,3379.0,44.0,33769.0,145940.0,,False,no_exact_result,0,,,,,,,,1.0,1.0,,
partial_beam_implementation_rare_anchor,size,rare_anchor_oracle,n2000,nodes_per_tree,2000,partial_beam_implementation_rare_anchor__n2000,3,beam_partial_score,generic,False,"{""beam_balance_penalty"": 0.0, ""beam_candidate_future_weight"": 0.0, ""beam_expansion_width"": 64, ""beam_gap_penalty"": 0.0, ""beam_lookahead"": false, ""beam_n_restarts"": 1, ""beam_priority_future_weight"": 0.0, ""beam_priority_length_weight"": 0.0, ""beam_random_fraction"": 0.0, ""beam_rarity_weight"": 0.0, ""beam_symmetric"": false, ""beam_width"": 200, ""candidate_select_mode"": ""first"", ""method"": ""beam"", ""seed"": 0}",equality,2000,2000,4000000,921285,14000.0,14000.0,ok,,14000.0,1.1999800335615873e-06,7.524999091401696e-06,0.32324194800457917,0.3227968479914125,0.3239297049876768,0.32332283366122283,0.32301939799799584,0.323585826496128,0.0005707434717841764,0.00044510001316666603,3,"[0.32324194800457917, 0.3239297049876768, 0.3227968479914125]",0.32324314798461273,3,1,14,1.0,1.0,1.0,1.0,beam_partial,2000,2000,0.0,0.004044565983349457,0.309736913186498,0.018808449793141335,2.3700122255831957e-06,0.33296189398970455,172297,33769,33769,,33769,23691,3378,200,22,1,1,14000.0,14,1936.0,0.0,[14000.0],0.0,"{""beam_width"": 200, ""expansion_width"": 64, ""label_pair_preprocessing_score_evaluations"": 1936, ""lookahead_enabled"": false, ""maximum_matching_length"": 201, ""positive_label_pair_types"": 44, ""state_pool_size"": 33770}",True,beam_fit,2000,2000,6.357004167512059e-06,0.0,0.0,0.0,0.0,6.357004167512059e-06,0,,,,,,,,,1,1,,,2.201995812356472e-06,0.32468791501014493,0.3246901170059573,14000.0,14000.0,0.0,isolated,1,True,1200.0,2.1838344460120425,1.9523744719917886,0.23145997402025387,143478784,136.83203125,resource.ru_maxrss_kib_converted_to_bytes,0,"{""BLIS_NUM_THREADS"": ""1"", ""MKL_DYNAMIC"": ""FALSE"", ""MKL_NUM_THREADS"": ""1"", ""NUMBA_NUM_THREADS"": ""1"", ""NUMEXPR_NUM_THREADS"": ""1"", ""OMP_DYNAMIC"": ""FALSE"", ""OMP_NUM_THREADS"": ""1"", ""OPENBLAS_NUM_THREADS"": ""1"", ""PYTHONHASHSEED"": ""0"", ""VECLIB_MAXIMUM_THREADS"": ""1""}",tree_tree,0,1,1,0.06705547097953968,44,14,14,14,179,170,medium,medium,30,zipf,1,inverse_sqrt,14,reserved,fast_dense,"Exact-oracle companion to the large rare-anchor stress regime. The score-only partial beam should preserve the delayed rare anchors and remain above the 99% quality floor, while local beams may prune the relevant branch; at this smaller scale the specialized dense exact method is still expected to be fastest.",200,200,32,33,6,5,,,,,,,,,,,,,,False,no_exact_result,0,,,,,,,,0.017025280944263546,0.03903298812270218,,
partial_beam_implementation_rare_anchor,size,rare_anchor_oracle,n3000,nodes_per_tree,3000,partial_beam_implementation_rare_anchor__n3000,0,beam_partial_score,generic,False,"{""beam_balance_penalty"": 0.0, ""beam_candidate_future_weight"": 0.0, ""beam_expansion_width"": 64, ""beam_gap_penalty"": 0.0, ""beam_lookahead"": false, ""beam_n_restarts"": 1, ""beam_priority_future_weight"": 0.0, ""beam_priority_length_weight"": 0.0, ""beam_random_fraction"": 0.0, ""beam_rarity_weight"": 0.0, ""beam_symmetric"": false, ""beam_width"": 200, ""candidate_select_mode"": ""first"", ""method"": ""beam"", ""seed"": 0}",equality,3000,3000,9000000,2125307,14000.0,14000.0,ok,,14000.0,1.3429962564259768e-06,7.110997103154659e-06,0.3759259359794669,0.373886562010739,0.37627457300550304,0.3753623569985696,0.37490624899510294,0.37610025449248496,0.0012899089419646536,0.0003486370260361582,3,"[0.3759259359794669, 0.37627457300550304, 0.373886562010739]",0.3759272789757233,3,1,14,1.0,1.0,1.0,1.0,beam_partial,3000,3000,0.0,0.00487335299840197,0.3605444212735165,0.01915484174969606,3.444001777097583e-06,0.3850622940226458,199817,33651,33651,,33651,23800,3828,200,24,1,1,14000.0,14,1936.0,0.0,[14000.0],0.0,"{""beam_width"": 200, ""expansion_width"": 64, ""label_pair_preprocessing_score_evaluations"": 1936, ""lookahead_enabled"": false, ""maximum_matching_length"": 251, ""positive_label_pair_types"": 44, ""state_pool_size"": 33652}",True,beam_fit,3000,3000,6.2010076362639666e-06,0.0,0.0,0.0,0.0,6.2010076362639666e-06,0,,,,,,,,,1,1,,,2.6339839678257704e-06,0.37441198297892697,0.3744146169628948,14000.0,14000.0,0.0,isolated,1,True,1200.0,2.4934358989994507,2.260091911011841,0.23334398798760958,144302080,137.6171875,resource.ru_maxrss_kib_converted_to_bytes,0,"{""BLIS_NUM_THREADS"": ""1"", ""MKL_DYNAMIC"": ""FALSE"", ""MKL_NUM_THREADS"": ""1"", ""NUMBA_NUM_THREADS"": ""1"", ""NUMEXPR_NUM_THREADS"": ""1"", ""OMP_DYNAMIC"": ""FALSE"", ""OMP_NUM_THREADS"": ""1"", ""OPENBLAS_NUM_THREADS"": ""1"", ""PYTHONHASHSEED"": ""0"", ""VECLIB_MAXIMUM_THREADS"": ""1""}",tree_tree,0,0,0,0.09670590198948048,44,14,14,14,145,238,medium,medium,30,zipf,1,inverse_sqrt,14,reserved,fast_dense,"Exact-oracle companion to the large rare-anchor stress regime. The score-only partial beam should preserve the delayed rare anchors and remain above the 99% quality floor, while local beams may prune the relevant branch; at this smaller scale the specialized dense exact method is still expected to be fastest.",250,250,32,37,5,5,,,,,,,,,,,,,,False,no_exact_result,0,,,,,,,,0.014860916661951936,0.04328217163393231,,
partial_beam_implementation_rare_anchor,size,rare_anchor_oracle,n3000,nodes_per_tree,3000,partial_beam_implementation_rare_anchor__n3000,0,fast_beam_partial,fast_beam,False,"{""beam_width"": 200, ""expansion_width"": 64, ""max_nodes_per_token_side"": 8, ""max_token_types_per_expansion"": 2048, ""search"": ""partial""}",equality,3000,3000,9000000,2125307,14000.0,14000.0,ok,,14000.0,0.010684345004847273,0.011017779004760087,0.0055866040056571364,0.005560654011787847,0.005590092012425885,0.005579116676623623,0.0055736290087224916,0.0055883480090415105,1.6083968491431304e-05,3.488006768748164e-06,3,"[0.005590092012425885, 0.005560654011787847, 0.0055866040056571364]",0.01627094901050441,3,1,14,1.0,1.0,1.0,1.0,fast_beam_partial_equality,3000,3000,0.0,4.6564004151150584e-05,0.0035950360470451415,0.002160676958737895,1.9329891074448824e-06,0.005884823011001572,33651,33651,33651,,33651,23800,3828,200,24,1,1,14000.0,14,,,,,,,fast_beam_partial_fit,3000,3000,0.011016518983524293,0.0,0.0,0.0,0.0,0.011016518983524293,0,,,,,,,,,1,1,,,0.010963656997773796,0.10026702901814133,0.11123068601591513,14000.0,14000.0,0.0,isolated,1,True,1200.0,0.4238767469942104,0.16169360899948515,0.26218313799472526,203583488,194.15234375,resource.ru_maxrss_kib_converted_to_bytes,0,"{""BLIS_NUM_THREADS"": ""1"", ""MKL_DYNAMIC"": ""FALSE"", ""MKL_NUM_THREADS"": ""1"", ""NUMBA_NUM_THREADS"": ""1"", ""NUMEXPR_NUM_THREADS"": ""1"", ""OMP_DYNAMIC"": ""FALSE"", ""OMP_NUM_THREADS"": ""1"", ""OPENBLAS_NUM_THREADS"": ""1"", ""PYTHONHASHSEED"": ""0"", ""VECLIB_MAXIMUM_THREADS"": ""1""}",tree_tree,1,1,0,0.09670590198948048,44,14,14,14,145,238,medium,medium,30,zipf,1,inverse_sqrt,14,reserved,fast_dense,"Exact-oracle companion to the large rare-anchor stress regime. The score-only partial beam should preserve the delayed rare anchors and remain above the 99% quality floor, while local beams may prune the relevant branch; at this smaller scale the specialized dense exact method is still expected to be fastest.",250,250,32,37,5,5,200.0,descending_token_weight_first_descendants,0.0,64.0,8.0,2048.0,251.0,True,3829.0,44.0,33651.0,165589.0,,False,no_exact_result,0,,,,,,,,1.0,1.0,,
partial_beam_implementation_rare_anchor,size,rare_anchor_oracle,n3000,nodes_per_tree,3000,partial_beam_implementation_rare_anchor__n3000,1,fast_beam_partial,fast_beam,False,"{""beam_width"": 200, ""expansion_width"": 64, ""max_nodes_per_token_side"": 8, ""max_token_types_per_expansion"": 2048, ""search"": ""partial""}",equality,3000,3000,9000000,2124845,14000.0,14000.0,ok,,14000.0,0.010607204982079566,0.01082744900486432,0.004799590999027714,0.004760843992698938,0.004822296992642805,0.004794243994789819,0.004780217495863326,0.0048109439958352596,3.107347166419117e-05,2.2705993615090847e-05,3,"[0.004822296992642805, 0.004760843992698938, 0.004799590999027714]",0.01540679598110728,3,1,14,1.0,1.0,1.0,1.0,fast_beam_partial_equality,3000,3000,0.0,4.805199569091201e-05,0.0029516460199374706,0.0018647239776328206,1.8099963199347258e-06,0.004939950013067573,30420,30420,30420,,30420,21541,3287,200,22,1,1,14000.0,14,,,,,,,fast_beam_partial_fit,3000,3000,0.010826256999280304,0.0,0.0,0.0,0.0,0.010826256999280304,0,,,,,,,,,1,1,,,0.011051865003537387,0.09878319501876831,0.1098350600223057,14000.0,14000.0,0.0,isolated,1,True,1200.0,0.41731525101931766,0.15588407500763424,0.2614311760116834,203145216,193.734375,resource.ru_maxrss_kib_converted_to_bytes,0,"{""BLIS_NUM_THREADS"": ""1"", ""MKL_DYNAMIC"": ""FALSE"", ""MKL_NUM_THREADS"": ""1"", ""NUMBA_NUM_THREADS"": ""1"", ""NUMEXPR_NUM_THREADS"": ""1"", ""OMP_DYNAMIC"": ""FALSE"", ""OMP_NUM_THREADS"": ""1"", ""OPENBLAS_NUM_THREADS"": ""1"", ""PYTHONHASHSEED"": ""0"", ""VECLIB_MAXIMUM_THREADS"": ""1""}",tree_tree,1,0,0,0.0998641409969423,44,14,14,14,181,236,medium,medium,30,zipf,1,inverse_sqrt,14,reserved,fast_dense,"Exact-oracle companion to the large rare-anchor stress regime. The score-only partial beam should preserve the delayed rare anchors and remain above the 99% quality floor, while local beams may prune the relevant branch; at this smaller scale the specialized dense exact method is still expected to be fastest.",250,250,34,31,7,15,200.0,descending_token_weight_first_descendants,0.0,64.0,8.0,2048.0,251.0,True,3288.0,44.0,30420.0,142392.0,,False,no_exact_result,0,,,,,,,,1.0,1.0,,
partial_beam_implementation_rare_anchor,size,rare_anchor_oracle,n3000,nodes_per_tree,3000,partial_beam_implementation_rare_anchor__n3000,1,beam_partial_score,generic,False,"{""beam_balance_penalty"": 0.0, ""beam_candidate_future_weight"": 0.0, ""beam_expansion_width"": 64, ""beam_gap_penalty"": 0.0, ""beam_lookahead"": false, ""beam_n_restarts"": 1, ""beam_priority_future_weight"": 0.0, ""beam_priority_length_weight"": 0.0, ""beam_random_fraction"": 0.0, ""beam_rarity_weight"": 0.0, ""beam_symmetric"": false, ""beam_width"": 200, ""candidate_select_mode"": ""first"", ""method"": ""beam"", ""seed"": 0}",equality,3000,3000,9000000,2124845,14000.0,14000.0,ok,,14000.0,1.3170065358281136e-06,7.121008820831776e-06,0.30933784699300304,0.30781611800193787,0.3096229379880242,0.308925634327655,0.30857698249747045,0.3094803924905136,0.0009713851330112264,0.0002850909950211644,3,"[0.30933784699300304, 0.3096229379880242, 0.30781611800193787]",0.30933916399953887,3,1,14,1.0,1.0,1.0,1.0,beam_partial,3000,3000,0.0,0.004932242998620495,0.2956425368320197,0.017475188156822696,2.410000888630748e-06,0.3184977479977533,162445,30420,30420,,30420,21541,3287,200,22,1,1,14000.0,14,1936.0,0.0,[14000.0],0.0,"{""beam_width"": 200, ""expansion_width"": 64, ""label_pair_preprocessing_score_evaluations"": 1936, ""lookahead_enabled"": false, ""maximum_matching_length"": 251, ""positive_label_pair_types"": 44, ""state_pool_size"": 30421}",True,beam_fit,3000,3000,6.0359889175742865e-06,0.0,0.0,0.0,0.0,6.0359889175742865e-06,0,,,,,,,,,1,1,,,2.702989149838686e-06,0.31122425000648946,0.3112269529956393,14000.0,14000.0,0.0,isolated,1,True,1200.0,2.101493636990199,1.8664433539961465,0.2350502829940524,143335424,136.6953125,resource.ru_maxrss_kib_converted_to_bytes,0,"{""BLIS_NUM_THREADS"": ""1"", ""MKL_DYNAMIC"": ""FALSE"", ""MKL_NUM_THREADS"": ""1"", ""NUMBA_NUM_THREADS"": ""1"", ""NUMEXPR_NUM_THREADS"": ""1"", ""OMP_DYNAMIC"": ""FALSE"", ""OMP_NUM_THREADS"": ""1"", ""OPENBLAS_NUM_THREADS"": ""1"", ""PYTHONHASHSEED"": ""0"", ""VECLIB_MAXIMUM_THREADS"": ""1""}",tree_tree,0,1,0,0.0998641409969423,44,14,14,14,181,236,medium,medium,30,zipf,1,inverse_sqrt,14,reserved,fast_dense,"Exact-oracle companion to the large rare-anchor stress regime. The score-only partial beam should preserve the delayed rare anchors and remain above the 99% quality floor, while local beams may prune the relevant branch; at this smaller scale the specialized dense exact method is still expected to be fastest.",250,250,34,31,7,15,,,,,,,,,,,,,,False,no_exact_result,0,,,,,,,,0.015515692779539765,0.049805513734207434,,
partial_beam_implementation_rare_anchor,size,rare_anchor_oracle,n3000,nodes_per_tree,3000,partial_beam_implementation_rare_anchor__n3000,2,beam_partial_score,generic,False,"{""beam_balance_penalty"": 0.0, ""beam_candidate_future_weight"": 0.0, ""beam_expansion_width"": 64, ""beam_gap_penalty"": 0.0, ""beam_lookahead"": false, ""beam_n_restarts"": 1, ""beam_priority_future_weight"": 0.0, ""beam_priority_length_weight"": 0.0, ""beam_random_fraction"": 0.0, ""beam_rarity_weight"": 0.0, ""beam_symmetric"": false, ""beam_width"": 200, ""candidate_select_mode"": ""first"", ""method"": ""beam"", ""seed"": 0}",equality,3000,3000,9000000,2087069,14000.0,14000.0,ok,,14000.0,1.4760007616132498e-06,8.645991329103708e-06,0.3555264089955017,0.35536700498778373,0.3564537730126176,0.355782395665301,0.3554467069916427,0.35599009100405965,0.0005868671623856086,0.00015940400771796703,3,"[0.35536700498778373, 0.3555264089955017, 0.3564537730126176]",0.3555278849962633,3,1,14,1.0,1.0,1.0,1.0,beam_partial,3000,3000,0.0,0.004844412003876641,0.3430461301759351,0.017522921843919903,2.5070039555430412e-06,0.3658347399905324,201408,30226,30226,,30226,21805,3637,200,22,1,1,14000.0,14,1936.0,0.0,[14000.0],0.0,"{""beam_width"": 200, ""expansion_width"": 64, ""label_pair_preprocessing_score_evaluations"": 1936, ""lookahead_enabled"": false, ""maximum_matching_length"": 251, ""positive_label_pair_types"": 44, ""state_pool_size"": 30227}",True,beam_fit,3000,3000,7.738999556750059e-06,0.0,0.0,0.0,0.0,7.738999556750059e-06,0,,,,,,,,,1,1,,,1.962995156645775e-06,0.3593946940090973,0.35939665700425394,14000.0,14000.0,0.0,isolated,1,True,1200.0,2.3809570629964583,2.149307288986165,0.23164977401029319,143745024,137.0859375,resource.ru_maxrss_kib_converted_to_bytes,0,"{""BLIS_NUM_THREADS"": ""1"", ""MKL_DYNAMIC"": ""FALSE"", ""MKL_NUM_THREADS"": ""1"", ""NUMBA_NUM_THREADS"": ""1"", ""NUMEXPR_NUM_THREADS"": ""1"", ""OMP_DYNAMIC"": ""FALSE"", ""OMP_NUM_THREADS"": ""1"", ""OPENBLAS_NUM_THREADS"": ""1"", ""PYTHONHASHSEED"": ""0"", ""VECLIB_MAXIMUM_THREADS"": ""1""}",tree_tree,0,0,1,0.09943283599568531,44,14,14,14,64,133,medium,medium,30,zipf,1,inverse_sqrt,14,reserved,fast_dense,"Exact-oracle companion to the large rare-anchor stress regime. The score-only partial beam should preserve the delayed rare anchors and remain above the 99% quality floor, while local beams may prune the relevant branch; at this smaller scale the specialized dense exact method is still expected to be fastest.",250,250,32,33,7,6,,,,,,,,,,,,,,False,no_exact_result,0,,,,,,,,0.013110221554845494,0.04440350717213674,,
partial_beam_implementation_rare_anchor,size,rare_anchor_oracle,n3000,nodes_per_tree,3000,partial_beam_implementation_rare_anchor__n3000,2,fast_beam_partial,fast_beam,False,"{""beam_width"": 200, ""expansion_width"": 64, ""max_nodes_per_token_side"": 8, ""max_token_types_per_expansion"": 2048, ""search"": ""partial""}",equality,3000,3000,9000000,2087069,14000.0,14000.0,ok,,14000.0,0.011125655000796542,0.011216387996682897,0.0046610299905296415,0.004659819009248167,0.004722986021079123,0.004681278340285644,0.004660424499888904,0.004692008005804382,3.612498576877337e-05,1.2109812814742327e-06,3,"[0.004722986021079123, 0.0046610299905296415, 0.004659819009248167]",0.015786684991326183,3,1,14,1.0,1.0,1.0,1.0,fast_beam_partial_equality,3000,3000,0.0,5.1682989578694105e-05,0.002951433038106188,0.0018192189745604992,1.8309801816940308e-06,0.004905947978841141,30226,30226,30226,,30226,21805,3637,200,22,1,1,14000.0,14,,,,,,,fast_beam_partial_fit,3000,3000,0.011215015983907506,0.0,0.0,0.0,0.0,0.011215015983907506,0,,,,,,,,,1,1,,,0.011584624997340143,0.10191819700412452,0.11350282200146466,14000.0,14000.0,0.0,isolated,1,True,1200.0,0.42700581601820886,0.16013681999174878,0.2668689960264601,203448320,194.0234375,resource.ru_maxrss_kib_converted_to_bytes,0,"{""BLIS_NUM_THREADS"": ""1"", ""MKL_DYNAMIC"": ""FALSE"", ""MKL_NUM_THREADS"": ""1"", ""NUMBA_NUM_THREADS"": ""1"", ""NUMEXPR_NUM_THREADS"": ""1"", ""OMP_DYNAMIC"": ""FALSE"", ""OMP_NUM_THREADS"": ""1"", ""OPENBLAS_NUM_THREADS"": ""1"", ""PYTHONHASHSEED"": ""0"", ""VECLIB_MAXIMUM_THREADS"": ""1""}",tree_tree,1,1,1,0.09943283599568531,44,14,14,14,64,133,medium,medium,30,zipf,1,inverse_sqrt,14,reserved,fast_dense,"Exact-oracle companion to the large rare-anchor stress regime. The score-only partial beam should preserve the delayed rare anchors and remain above the 99% quality floor, while local beams may prune the relevant branch; at this smaller scale the specialized dense exact method is still expected to be fastest.",250,250,32,33,7,6,200.0,descending_token_weight_first_descendants,0.0,64.0,8.0,2048.0,251.0,True,3638.0,44.0,30226.0,157348.0,,False,no_exact_result,0,,,,,,,,1.0,1.0,,
partial_beam_implementation_rare_anchor,size,rare_anchor_oracle,n3000,nodes_per_tree,3000,partial_beam_implementation_rare_anchor__n3000,3,fast_beam_partial,fast_beam,False,"{""beam_width"": 200, ""expansion_width"": 64, ""max_nodes_per_token_side"": 8, ""max_token_types_per_expansion"": 2048, ""search"": ""partial""}",equality,3000,3000,9000000,2075753,14000.0,14000.0,ok,,14000.0,0.011508391995448619,0.010912197001744062,0.0034133490116801113,0.003409678000025451,0.003442173998337239,0.0034217336700142673,0.0034115135058527812,0.003427761505008675,1.779675105476634e-05,3.6710116546601057e-06,3,"[0.003409678000025451, 0.003442173998337239, 0.0034133490116801113]",0.01492174100712873,3,1,14,1.0,1.0,1.0,1.0,fast_beam_partial_equality,3000,3000,0.0,4.786398494616151e-05,0.002191438019508496,0.0013384829799178988,1.9189901649951935e-06,0.0036542279995046556,19940,19940,19940,,19940,14276,3137,200,20,1,1,14000.0,14,,,,,,,fast_beam_partial_fit,3000,3000,0.010910951998084784,0.0,0.0,0.0,0.0,0.010910951998084784,0,,,,,,,,,1,1,,,0.010983390006003901,0.0971479209838435,0.1081313109898474,14000.0,14000.0,0.0,isolated,1,True,1200.0,0.41006415101583116,0.14849276200402528,0.2615713890118059,203227136,193.8125,resource.ru_maxrss_kib_converted_to_bytes,0,"{""BLIS_NUM_THREADS"": ""1"", ""MKL_DYNAMIC"": ""FALSE"", ""MKL_NUM_THREADS"": ""1"", ""NUMBA_NUM_THREADS"": ""1"", ""NUMEXPR_NUM_THREADS"": ""1"", ""OMP_DYNAMIC"": ""FALSE"", ""OMP_NUM_THREADS"": ""1"", ""OPENBLAS_NUM_THREADS"": ""1"", ""PYTHONHASHSEED"": ""0"", ""VECLIB_MAXIMUM_THREADS"": ""1""}",tree_tree,1,0,1,0.099742646998493,44,14,14,14,217,160,medium,medium,30,zipf,1,inverse_sqrt,14,reserved,fast_dense,"Exact-oracle companion to the large rare-anchor stress regime. The score-only partial beam should preserve the delayed rare anchors and remain above the 99% quality floor, while local beams may prune the relevant branch; at this smaller scale the specialized dense exact method is still expected to be fastest.",250,250,37,34,8,6,200.0,descending_token_weight_first_descendants,0.0,64.0,8.0,2048.0,251.0,True,3138.0,44.0,19940.0,135539.0,,False,no_exact_result,0,,,,,,,,1.0,1.0,,
partial_beam_implementation_rare_anchor,size,rare_anchor_oracle,n3000,nodes_per_tree,3000,partial_beam_implementation_rare_anchor__n3000,3,beam_partial_score,generic,False,"{""beam_balance_penalty"": 0.0, ""beam_candidate_future_weight"": 0.0, ""beam_expansion_width"": 64, ""beam_gap_penalty"": 0.0, ""beam_lookahead"": false, ""beam_n_restarts"": 1, ""beam_priority_future_weight"": 0.0, ""beam_priority_length_weight"": 0.0, ""beam_random_fraction"": 0.0, ""beam_rarity_weight"": 0.0, ""beam_symmetric"": false, ""beam_width"": 200, ""candidate_select_mode"": ""first"", ""method"": ""beam"", ""seed"": 0}",equality,3000,3000,9000000,2075753,14000.0,14000.0,ok,,14000.0,1.4049874152988195e-06,8.055008947849274e-06,0.29292053199606016,0.29233435599599034,0.2933894439775031,0.2928814439898512,0.29262744399602525,0.29315498798678163,0.0005286289496000164,0.0004689119814429432,3,"[0.29233435599599034, 0.29292053199606016, 0.2933894439775031]",0.29292193698347546,3,1,14,1.0,1.0,1.0,1.0,beam_partial,3000,3000,0.0,0.004844552982831374,0.285106578405248,0.011842603591503575,2.3900065571069717e-06,0.30215169498114847,159295,19940,19940,,19940,14276,3137,200,20,1,1,14000.0,14,1936.0,0.0,[14000.0],0.0,"{""beam_width"": 200, ""expansion_width"": 64, ""label_pair_preprocessing_score_evaluations"": 1936, ""lookahead_enabled"": false, ""maximum_matching_length"": 251, ""positive_label_pair_types"": 44, ""state_pool_size"": 19941}",True,beam_fit,3000,3000,7.119000656530261e-06,0.0,0.0,0.0,0.0,7.119000656530261e-06,0,,,,,,,,,1,1,,,2.31401645578444e-06,0.2947669190180022,0.294769233034458,14000.0,14000.0,0.0,isolated,1,True,1200.0,2.0033977160055656,1.7687574440205935,0.23464027198497206,143093760,136.46484375,resource.ru_maxrss_kib_converted_to_bytes,0,"{""BLIS_NUM_THREADS"": ""1"", ""MKL_DYNAMIC"": ""FALSE"", ""MKL_NUM_THREADS"": ""1"", ""NUMBA_NUM_THREADS"": ""1"", ""NUMEXPR_NUM_THREADS"": ""1"", ""OMP_DYNAMIC"": ""FALSE"", ""OMP_NUM_THREADS"": ""1"", ""OPENBLAS_NUM_THREADS"": ""1"", ""PYTHONHASHSEED"": ""0"", ""VECLIB_MAXIMUM_THREADS"": ""1""}",tree_tree,0,1,1,0.099742646998493,44,14,14,14,217,160,medium,medium,30,zipf,1,inverse_sqrt,14,reserved,fast_dense,"Exact-oracle companion to the large rare-anchor stress regime. The score-only partial beam should preserve the delayed rare anchors and remain above the 99% quality floor, while local beams may prune the relevant branch; at this smaller scale the specialized dense exact method is still expected to be fastest.",250,250,37,34,8,6,,,,,,,,,,,,,,False,no_exact_result,0,,,,,,,,0.011652815828308074,0.05094101575591625,,
partial_beam_implementation_rare_anchor,size,rare_anchor_oracle,n5000,nodes_per_tree,5000,partial_beam_implementation_rare_anchor__n5000,0,beam_partial_score,generic,False,"{""beam_balance_penalty"": 0.0, ""beam_candidate_future_weight"": 0.0, ""beam_expansion_width"": 64, ""beam_gap_penalty"": 0.0, ""beam_lookahead"": false, ""beam_n_restarts"": 1, ""beam_priority_future_weight"": 0.0, ""beam_priority_length_weight"": 0.0, ""beam_random_fraction"": 0.0, ""beam_rarity_weight"": 0.0, ""beam_symmetric"": false, ""beam_width"": 200, ""candidate_select_mode"": ""first"", ""method"": ""beam"", ""seed"": 0}",equality,5000,5000,25000000,5875734,14000.0,14007.621991222319,ok,,14007.621991222319,1.4200049918144941e-06,7.727008778601885e-06,0.3033716609934345,0.30297476999112405,0.31367776097613387,0.30667473065356415,0.30317321549227927,0.3085247109847842,0.006068047947326397,0.00039689100231043994,3,"[0.30297476999112405, 0.3033716609934345, 0.31367776097613387]",0.3033730809984263,3,1,15,1.0,0.9333333333333333,1.0,1.0,beam_partial,5000,5000,0.0,0.007559732999652624,0.28854691481683403,0.015099999203812331,2.7189962565898895e-06,0.31171035999432206,161348,27161,27161,,27161,18567,3629,200,22,1,1,14007.621991222319,15,1936.0,0.0,[14007.621991222319],0.0,"{""beam_width"": 200, ""expansion_width"": 64, ""label_pair_preprocessing_score_evaluations"": 1936, ""lookahead_enabled"": false, ""maximum_matching_length"": 301, ""positive_label_pair_types"": 44, ""state_pool_size"": 27162}",True,beam_fit,5000,5000,6.600021151825786e-06,0.0,0.0,0.0,0.0,6.600021151825786e-06,0,,,,,,,,,1,1,,,2.3790053091943264e-06,0.3015196640044451,0.30152204300975427,14007.621991222319,14007.621991222319,0.0,isolated,1,True,1200.0,2.0646233370061964,1.8359733020188287,0.2286500349873677,144822272,138.11328125,resource.ru_maxrss_kib_converted_to_bytes,0,"{""BLIS_NUM_THREADS"": ""1"", ""MKL_DYNAMIC"": ""FALSE"", ""MKL_NUM_THREADS"": ""1"", ""NUMBA_NUM_THREADS"": ""1"", ""NUMEXPR_NUM_THREADS"": ""1"", ""OMP_DYNAMIC"": ""FALSE"", ""OMP_NUM_THREADS"": ""1"", ""OPENBLAS_NUM_THREADS"": ""1"", ""PYTHONHASHSEED"": ""0"", ""VECLIB_MAXIMUM_THREADS"": ""1""}",tree_tree,0,0,0,0.16343932700692676,44,14,14,14,74,114,medium,medium,30,zipf,1,inverse_sqrt,14,reserved,fast_dense,"Exact-oracle companion to the large rare-anchor stress regime. The score-only partial beam should preserve the delayed rare anchors and remain above the 99% quality floor, while local beams may prune the relevant branch; at this smaller scale the specialized dense exact method is still expected to be fastest.",300,300,46,50,7,6,,,,,,,,,,,,,,False,no_exact_result,0,,,,,,,,0.014750725191015087,0.13696054990596632,,
partial_beam_implementation_rare_anchor,size,rare_anchor_oracle,n5000,nodes_per_tree,5000,partial_beam_implementation_rare_anchor__n5000,0,fast_beam_partial,fast_beam,False,"{""beam_width"": 200, ""expansion_width"": 64, ""max_nodes_per_token_side"": 8, ""max_token_types_per_expansion"": 2048, ""search"": ""partial""}",equality,5000,5000,25000000,5875734,14000.0,14007.621991157532,ok,,14007.621991222319,0.03707519199815579,0.01880476000951603,0.004474952002055943,0.004457036993699148,0.004521209979429841,0.0044843996583949775,0.004465994497877546,0.004498080990742892,3.3113240284262376e-05,1.7915008356794715e-05,3,"[0.004474952002055943, 0.004521209979429841, 0.004457036993699148]",0.04155014400021173,3,1,15,1.0,0.9333333333333333,1.0,1.0,fast_beam_partial_equality,5000,5000,0.0,4.972197348251939e-05,0.0027320169610902667,0.0017601740546524525,1.9310100469738245e-06,0.004629256000043824,27161,27161,27161,,27161,18567,3629,200,22,1,1,14007.621991157532,15,,,,,,,fast_beam_partial_fit,5000,5000,0.01880354998866096,0.0,0.0,0.0,0.0,0.01880354998866096,0,,,,,,,,,1,1,,,0.018978495005285367,0.10153899900615215,0.12051749401143752,14007.621991157532,14007.621991222319,0.0,isolated,1,True,1200.0,0.4679015169967897,0.19979252497432753,0.2681089920224622,203718656,194.28125,resource.ru_maxrss_kib_converted_to_bytes,0,"{""BLIS_NUM_THREADS"": ""1"", ""MKL_DYNAMIC"": ""FALSE"", ""MKL_NUM_THREADS"": ""1"", ""NUMBA_NUM_THREADS"": ""1"", ""NUMEXPR_NUM_THREADS"": ""1"", ""OMP_DYNAMIC"": ""FALSE"", ""OMP_NUM_THREADS"": ""1"", ""OPENBLAS_NUM_THREADS"": ""1"", ""PYTHONHASHSEED"": ""0"", ""VECLIB_MAXIMUM_THREADS"": ""1""}",tree_tree,1,1,0,0.16343932700692676,44,14,14,14,74,114,medium,medium,30,zipf,1,inverse_sqrt,14,reserved,fast_dense,"Exact-oracle companion to the large rare-anchor stress regime. The score-only partial beam should preserve the delayed rare anchors and remain above the 99% quality floor, while local beams may prune the relevant branch; at this smaller scale the specialized dense exact method is still expected to be fastest.",300,300,46,50,7,6,200.0,descending_token_weight_first_descendants,0.0,64.0,8.0,2048.0,301.0,True,3630.0,44.0,27161.0,157181.0,,False,no_exact_result,0,,,,,,,,1.0,1.0,,
partial_beam_implementation_rare_anchor,size,rare_anchor_oracle,n5000,nodes_per_tree,5000,partial_beam_implementation_rare_anchor__n5000,1,fast_beam_partial,fast_beam,False,"{""beam_width"": 200, ""expansion_width"": 64, ""max_nodes_per_token_side"": 8, ""max_token_types_per_expansion"": 2048, ""search"": ""partial""}",equality,5000,5000,25000000,6009023,14000.0,14000.0,ok,,14000.0,0.0368556690227706,0.018778945988742635,0.0048678359889891,0.00483710301341489,0.0048742039944045246,0.004859714332269505,0.004852469501201995,0.004871019991696812,1.983914510510782e-05,6.3680054154247046e-06,3,"[0.0048742039944045246, 0.0048678359889891, 0.00483710301341489]",0.0417235050117597,3,1,14,1.0,1.0,1.0,1.0,fast_beam_partial_equality,5000,5000,0.0,4.7976995119825006e-05,0.0031576380715705454,0.0017171159270219505,2.0709994714707136e-06,0.005008298991015181,26125,26125,26125,,26125,18299,3603,200,23,1,1,14000.0,14,,,,,,,fast_beam_partial_fit,5000,5000,0.018777682998916134,0.0,0.0,0.0,0.0,0.018777682998916134,0,,,,,,,,,1,1,,,0.018953174992930144,0.10152658398146741,0.12047975897439755,14000.0,14000.0,0.0,isolated,1,True,1200.0,0.46703517698915675,0.201283032016363,0.26575214497279376,203866112,194.421875,resource.ru_maxrss_kib_converted_to_bytes,0,"{""BLIS_NUM_THREADS"": ""1"", ""MKL_DYNAMIC"": ""FALSE"", ""MKL_NUM_THREADS"": ""1"", ""NUMBA_NUM_THREADS"": ""1"", ""NUMEXPR_NUM_THREADS"": ""1"", ""OMP_DYNAMIC"": ""FALSE"", ""OMP_NUM_THREADS"": ""1"", ""OPENBLAS_NUM_THREADS"": ""1"", ""PYTHONHASHSEED"": ""0"", ""VECLIB_MAXIMUM_THREADS"": ""1""}",tree_tree,1,0,0,0.1667282550188247,44,14,14,14,121,230,medium,medium,30,zipf,1,inverse_sqrt,14,reserved,fast_dense,"Exact-oracle companion to the large rare-anchor stress regime. The score-only partial beam should preserve the delayed rare anchors and remain above the 99% quality floor, while local beams may prune the relevant branch; at this smaller scale the specialized dense exact method is still expected to be fastest.",300,300,48,49,7,6,200.0,descending_token_weight_first_descendants,0.0,64.0,8.0,2048.0,301.0,True,3604.0,44.0,26125.0,155877.0,,False,no_exact_result,0,,,,,,,,1.0,1.0,,
partial_beam_implementation_rare_anchor,size,rare_anchor_oracle,n5000,nodes_per_tree,5000,partial_beam_implementation_rare_anchor__n5000,1,beam_partial_score,generic,False,"{""beam_balance_penalty"": 0.0, ""beam_candidate_future_weight"": 0.0, ""beam_expansion_width"": 64, ""beam_gap_penalty"": 0.0, ""beam_lookahead"": false, ""beam_n_restarts"": 1, ""beam_priority_future_weight"": 0.0, ""beam_priority_length_weight"": 0.0, ""beam_random_fraction"": 0.0, ""beam_rarity_weight"": 0.0, ""beam_symmetric"": false, ""beam_width"": 200, ""candidate_select_mode"": ""first"", ""method"": ""beam"", ""seed"": 0}",equality,5000,5000,25000000,6009023,14000.0,14000.0,ok,,14000.0,1.320993760600686e-06,7.542985258623958e-06,0.36368887100252323,0.3624408249743283,0.37355960899731144,0.36656310165805434,0.36306484798842575,0.36862423999991734,0.006091201928464728,0.001248046028194949,3,"[0.3624408249743283, 0.36368887100252323, 0.37355960899731144]",0.36369019199628383,3,1,14,1.0,1.0,1.0,1.0,beam_partial,5000,5000,0.0,0.00802938302513212,0.3486755753692705,0.015320375619921833,2.468994352966547e-06,0.3725057829869911,195196,26125,26125,,26125,18299,3603,200,23,1,1,14000.0,14,1936.0,0.0,[14000.0],0.0,"{""beam_width"": 200, ""expansion_width"": 64, ""label_pair_preprocessing_score_evaluations"": 1936, ""lookahead_enabled"": false, ""maximum_matching_length"": 301, ""positive_label_pair_types"": 44, ""state_pool_size"": 26126}",True,beam_fit,5000,5000,6.554997526109219e-06,0.0,0.0,0.0,0.0,6.554997526109219e-06,0,,,,,,,,,1,1,,,1.929991412907839e-06,0.3767628979985602,0.37676482798997313,14000.0,14000.0,0.0,isolated,1,True,1200.0,2.447745331999613,2.2127202819974627,0.23502505000215024,144568320,137.87109375,resource.ru_maxrss_kib_converted_to_bytes,0,"{""BLIS_NUM_THREADS"": ""1"", ""MKL_DYNAMIC"": ""FALSE"", ""MKL_NUM_THREADS"": ""1"", ""NUMBA_NUM_THREADS"": ""1"", ""NUMEXPR_NUM_THREADS"": ""1"", ""OMP_DYNAMIC"": ""FALSE"", ""OMP_NUM_THREADS"": ""1"", ""OPENBLAS_NUM_THREADS"": ""1"", ""PYTHONHASHSEED"": ""0"", ""VECLIB_MAXIMUM_THREADS"": ""1""}",tree_tree,0,1,0,0.1667282550188247,44,14,14,14,121,230,medium,medium,30,zipf,1,inverse_sqrt,14,reserved,fast_dense,"Exact-oracle companion to the large rare-anchor stress regime. The score-only partial beam should preserve the delayed rare anchors and remain above the 99% quality floor, while local beams may prune the relevant branch; at this smaller scale the specialized dense exact method is still expected to be fastest.",300,300,48,49,7,6,,,,,,,,,,,,,,False,no_exact_result,0,,,,,,,,0.013384616294611136,0.11472265661809772,,
partial_beam_implementation_rare_anchor,size,rare_anchor_oracle,n5000,nodes_per_tree,5000,partial_beam_implementation_rare_anchor__n5000,2,beam_partial_score,generic,False,"{""beam_balance_penalty"": 0.0, ""beam_candidate_future_weight"": 0.0, ""beam_expansion_width"": 64, ""beam_gap_penalty"": 0.0, ""beam_lookahead"": false, ""beam_n_restarts"": 1, ""beam_priority_future_weight"": 0.0, ""beam_priority_length_weight"": 0.0, ""beam_random_fraction"": 0.0, ""beam_rarity_weight"": 0.0, ""beam_symmetric"": false, ""beam_width"": 200, ""candidate_select_mode"": ""first"", ""method"": ""beam"", ""seed"": 0}",equality,5000,5000,25000000,5806941,14000.0,14000.0,ok,,14000.0,1.354987034574151e-06,7.077993359416723e-06,0.3644113080226816,0.36398813797859475,0.37487055599922314,0.3677566673334998,0.3641997230006382,0.3696409320109524,0.006164440540939866,0.00042317004408687353,3,"[0.3644113080226816, 0.36398813797859475, 0.37487055599922314]",0.3644126630097162,3,1,14,1.0,1.0,1.0,1.0,beam_partial,5000,5000,0.0,0.007815020013367757,0.34214514287305064,0.02189234213437885,2.454995410516858e-06,0.3724191500223242,190487,36796,36796,,36796,29097,3487,200,23,1,1,14000.0,14,1936.0,0.0,[14000.0],0.0,"{""beam_width"": 200, ""expansion_width"": 64, ""label_pair_preprocessing_score_evaluations"": 1936, ""lookahead_enabled"": false, ""maximum_matching_length"": 301, ""positive_label_pair_types"": 44, ""state_pool_size"": 36797}",True,beam_fit,5000,5000,6.151996785774827e-06,0.0,0.0,0.0,0.0,6.151996785774827e-06,0,,,,,,,,,1,1,,,2.129003405570984e-06,0.36492049900698476,0.3649226280103903,14000.0,14000.0,0.0,isolated,1,True,1200.0,2.4549164709751494,2.215089334989898,0.23982713598525152,146350080,139.5703125,resource.ru_maxrss_kib_converted_to_bytes,0,"{""BLIS_NUM_THREADS"": ""1"", ""MKL_DYNAMIC"": ""FALSE"", ""MKL_NUM_THREADS"": ""1"", ""NUMBA_NUM_THREADS"": ""1"", ""NUMEXPR_NUM_THREADS"": ""1"", ""OMP_DYNAMIC"": ""FALSE"", ""OMP_NUM_THREADS"": ""1"", ""OPENBLAS_NUM_THREADS"": ""1"", ""PYTHONHASHSEED"": ""0"", ""VECLIB_MAXIMUM_THREADS"": ""1""}",tree_tree,0,0,1,0.16752926202025265,44,14,14,14,297,248,medium,medium,30,zipf,1,inverse_sqrt,14,reserved,fast_dense,"Exact-oracle companion to the large rare-anchor stress regime. The score-only partial beam should preserve the delayed rare anchors and remain above the 99% quality floor, while local beams may prune the relevant branch; at this smaller scale the specialized dense exact method is still expected to be fastest.",300,300,46,42,9,5,,,,,,,,,,,,,,False,no_exact_result,0,,,,,,,,0.01636902278401909,0.116049101260225,,
partial_beam_implementation_rare_anchor,size,rare_anchor_oracle,n5000,nodes_per_tree,5000,partial_beam_implementation_rare_anchor__n5000,2,fast_beam_partial,fast_beam,False,"{""beam_width"": 200, ""expansion_width"": 64, ""max_nodes_per_token_side"": 8, ""max_token_types_per_expansion"": 2048, ""search"": ""partial""}",equality,5000,5000,25000000,5806941,14000.0,14000.0,ok,,14000.0,0.03632470502634533,0.018680893001146615,0.005965057003777474,0.005925518984440714,0.0059994260082021356,0.005963333998806775,0.005945287994109094,0.005982241505989805,3.698362610554325e-05,3.43690044246614e-05,3,"[0.005965057003777474, 0.005925518984440714, 0.0059994260082021356]",0.0422897620301228,3,1,14,1.0,1.0,1.0,1.0,fast_beam_partial_equality,5000,5000,0.0,4.914001328870654e-05,0.0038033880409784615,0.0022514759621117264,1.9529834389686584e-06,0.00618683299398981,36796,36796,36796,,36796,29097,3487,200,23,1,1,14000.0,14,,,,,,,fast_beam_partial_fit,5000,5000,0.018679628003155813,0.0,0.0,0.0,0.0,0.018679628003155813,0,,,,,,,,,1,1,,,0.018907172023318708,0.10214068999630399,0.1210478620196227,14000.0,14000.0,0.0,isolated,1,True,1200.0,0.47084769399953075,0.20685457400395535,0.2639931199955754,204034048,194.58203125,resource.ru_maxrss_kib_converted_to_bytes,0,"{""BLIS_NUM_THREADS"": ""1"", ""MKL_DYNAMIC"": ""FALSE"", ""MKL_NUM_THREADS"": ""1"", ""NUMBA_NUM_THREADS"": ""1"", ""NUMEXPR_NUM_THREADS"": ""1"", ""OMP_DYNAMIC"": ""FALSE"", ""OMP_NUM_THREADS"": ""1"", ""OPENBLAS_NUM_THREADS"": ""1"", ""PYTHONHASHSEED"": ""0"", ""VECLIB_MAXIMUM_THREADS"": ""1""}",tree_tree,1,1,1,0.16752926202025265,44,14,14,14,297,248,medium,medium,30,zipf,1,inverse_sqrt,14,reserved,fast_dense,"Exact-oracle companion to the large rare-anchor stress regime. The score-only partial beam should preserve the delayed rare anchors and remain above the 99% quality floor, while local beams may prune the relevant branch; at this smaller scale the specialized dense exact method is still expected to be fastest.",300,300,46,42,9,5,200.0,descending_token_weight_first_descendants,0.0,64.0,8.0,2048.0,301.0,True,3488.0,44.0,36796.0,150869.0,,False,no_exact_result,0,,,,,,,,1.0,1.0,,
partial_beam_implementation_rare_anchor,size,rare_anchor_oracle,n5000,nodes_per_tree,5000,partial_beam_implementation_rare_anchor__n5000,3,fast_beam_partial,fast_beam,False,"{""beam_width"": 200, ""expansion_width"": 64, ""max_nodes_per_token_side"": 8, ""max_token_types_per_expansion"": 2048, ""search"": ""partial""}",equality,5000,5000,25000000,5905826,14000.0,14000.0,ok,,14000.0,0.03643464299966581,0.018823479011189193,0.005567108019022271,0.005547470995225012,0.0055878749990370125,0.005567484671094765,0.005557289507123642,0.005577491509029642,2.0204635138943153e-05,1.9637023797258735e-05,3,"[0.0055878749990370125, 0.005547470995225012, 0.005567108019022271]",0.04200175101868808,3,1,14,1.0,1.0,1.0,1.0,fast_beam_partial_equality,5000,5000,0.0,4.84549964312464e-05,0.003671671962365508,0.001932097045937553,2.042012056335807e-06,0.005728768999688327,26987,26987,26987,,26987,21843,3093,200,20,1,1,14000.0,14,,,,,,,fast_beam_partial_fit,5000,5000,0.01882209602626972,0.0,0.0,0.0,0.0,0.01882209602626972,0,,,,,,,,,1,1,,,0.018924067000625655,0.10075200599385425,0.11967607299447991,14000.0,14000.0,0.0,isolated,1,True,1200.0,0.4646924579865299,0.2035492279974278,0.2611432299891021,204402688,194.93359375,resource.ru_maxrss_kib_converted_to_bytes,0,"{""BLIS_NUM_THREADS"": ""1"", ""MKL_DYNAMIC"": ""FALSE"", ""MKL_NUM_THREADS"": ""1"", ""NUMBA_NUM_THREADS"": ""1"", ""NUMEXPR_NUM_THREADS"": ""1"", ""OMP_DYNAMIC"": ""FALSE"", ""OMP_NUM_THREADS"": ""1"", ""OPENBLAS_NUM_THREADS"": ""1"", ""PYTHONHASHSEED"": ""0"", ""VECLIB_MAXIMUM_THREADS"": ""1""}",tree_tree,1,0,1,0.16692858500755392,44,14,14,14,181,252,medium,medium,30,zipf,1,inverse_sqrt,14,reserved,fast_dense,"Exact-oracle companion to the large rare-anchor stress regime. The score-only partial beam should preserve the delayed rare anchors and remain above the 99% quality floor, while local beams may prune the relevant branch; at this smaller scale the specialized dense exact method is still expected to be fastest.",300,300,45,47,8,6,200.0,descending_token_weight_first_descendants,0.0,64.0,8.0,2048.0,301.0,True,3094.0,44.0,26987.0,132970.0,,False,no_exact_result,0,,,,,,,,1.0,1.0,,
partial_beam_implementation_rare_anchor,size,rare_anchor_oracle,n5000,nodes_per_tree,5000,partial_beam_implementation_rare_anchor__n5000,3,beam_partial_score,generic,False,"{""beam_balance_penalty"": 0.0, ""beam_candidate_future_weight"": 0.0, ""beam_expansion_width"": 64, ""beam_gap_penalty"": 0.0, ""beam_lookahead"": false, ""beam_n_restarts"": 1, ""beam_priority_future_weight"": 0.0, ""beam_priority_length_weight"": 0.0, ""beam_random_fraction"": 0.0, ""beam_rarity_weight"": 0.0, ""beam_symmetric"": false, ""beam_width"": 200, ""candidate_select_mode"": ""first"", ""method"": ""beam"", ""seed"": 0}",equality,5000,5000,25000000,5905826,14000.0,14000.0,ok,,14000.0,1.2269883882254362e-06,7.690017810091376e-06,0.3867666590085719,0.38541745601105504,0.3971046069927979,0.38976290733747493,0.38609205750981346,0.3919356330006849,0.006393786245555466,0.0013492029975168407,3,"[0.38541745601105504, 0.3867666590085719, 0.3971046069927979]",0.3867678859969601,3,1,14,1.0,1.0,1.0,1.0,beam_partial,5000,5000,0.0,0.0077417259744834155,0.37141620769398287,0.016399970307247713,2.7999922167509794e-06,0.39605181000661105,218990,26987,26987,,26987,21843,3093,200,20,1,1,14000.0,14,1936.0,0.0,[14000.0],0.0,"{""beam_width"": 200, ""expansion_width"": 64, ""label_pair_preprocessing_score_evaluations"": 1936, ""lookahead_enabled"": false, ""maximum_matching_length"": 301, ""positive_label_pair_types"": 44, ""state_pool_size"": 26988}",True,beam_fit,5000,5000,6.652000593021512e-06,0.0,0.0,0.0,0.0,6.652000593021512e-06,0,,,,,,,,,1,1,,,2.129003405570984e-06,0.3898013950092718,0.38980352401267737,14000.0,14000.0,0.0,isolated,1,True,1200.0,2.5692393940116744,2.339657968026586,0.22958142598508857,144572416,137.875,resource.ru_maxrss_kib_converted_to_bytes,0,"{""BLIS_NUM_THREADS"": ""1"", ""MKL_DYNAMIC"": ""FALSE"", ""MKL_NUM_THREADS"": ""1"", ""NUMBA_NUM_THREADS"": ""1"", ""NUMEXPR_NUM_THREADS"": ""1"", ""OMP_DYNAMIC"": ""FALSE"", ""OMP_NUM_THREADS"": ""1"", ""OPENBLAS_NUM_THREADS"": ""1"", ""PYTHONHASHSEED"": ""0"", ""VECLIB_MAXIMUM_THREADS"": ""1""}",tree_tree,0,1,1,0.16692858500755392,44,14,14,14,181,252,medium,medium,30,zipf,1,inverse_sqrt,14,reserved,fast_dense,"Exact-oracle companion to the large rare-anchor stress regime. The score-only partial beam should preserve the delayed rare anchors and remain above the 99% quality floor, while local beams may prune the relevant branch; at this smaller scale the specialized dense exact method is still expected to be fastest.",300,300,45,47,8,6,,,,,,,,,,,,,,False,no_exact_result,0,,,,,,,,0.014393970859051962,0.10859679032146481,,
