regime,regime_order,expected_algorithm,oracle_valid_instances,exact_disagreement_instances,observed_fastest_eligible,observed_fastest_warm_eligible,observed_fastest_setup_plus_warm_eligible,observed_best_warm_accuracy_harmonic,quality_floor,algorithm,algorithm_config_index,total_instances,successful_instances,skipped_instances,timeout_instances,error_instances,complete_coverage,oracle_scored_instances,complete_accuracy_coverage,median_predict_seconds,q25_predict_seconds,q75_predict_seconds,median_setup_plus_warm_search_seconds,q25_setup_plus_warm_search_seconds,q75_setup_plus_warm_search_seconds,median_cold_predict_seconds,median_cold_setup_plus_predict_seconds,median_fresh_process_total_seconds,median_peak_rss_mib,median_accuracy_score,min_accuracy_score,median_accuracy_percent,median_score_ratio,min_score_ratio,median_warm_timing_score,median_setup_timing_score,median_warm_accuracy_harmonic_score,median_setup_accuracy_harmonic_score,quality_basis,median_quality,min_quality,quality_eligible
tiny_generic_dense,0,exact_dense,6,0,exact_dense,exact_dense,exact_dense,beam_local,0.99,exact_dense,0,6,6,0,0,0,True,6,True,0.019607320020440966,0.019393937996937893,0.01974818825692637,0.019608272035839036,0.019394826507777907,0.019749047751247417,0.020271732995752245,0.020274142501875758,0.4037963610026054,189.90234375,1.0,1.0,100.0,1.0,1.0,0.8198262462591448,0.8198400428715267,0.9009939727218915,0.9010023045318927,exact_optimal_score,1.0,1.0,True
tiny_generic_dense,0,exact_dense,6,0,exact_dense,exact_dense,exact_dense,beam_local,0.99,fast_dense,1,6,0,6,0,0,False,0,False,,,,,,,,,,,,,,,,,,,,,,,False
tiny_generic_dense,0,exact_dense,6,0,exact_dense,exact_dense,exact_dense,beam_local,0.99,sparse_closure,2,6,6,0,0,0,True,6,True,0.02238395099993795,0.022055116503906902,0.022558602002391126,0.022715148006682284,0.022360577269864734,0.022872594017826486,0.02351037849439308,0.023911628479254432,0.43193522449291777,189.90234375,1.0,1.0,100.0,1.0,1.0,0.7221361107626416,0.7117149070636,0.8386513758974647,0.8315810966045213,exact_optimal_score,1.0,1.0,True
tiny_generic_dense,0,exact_dense,6,0,exact_dense,exact_dense,exact_dense,beam_local,0.99,sparse_chain,3,6,6,0,0,0,True,6,True,0.027727879001758993,0.02693601726059569,0.02816183249524329,0.028040532502927817,0.027238392023718916,0.028490463992056902,0.029160847479943186,0.02955398047924973,0.475569775007898,189.90234375,1.0,1.0,100.0,1.0,1.0,0.5794024592125672,0.572978050489876,0.7336961642564754,0.7285244566042266,exact_optimal_score,1.0,1.0,True
tiny_generic_dense,0,exact_dense,6,0,exact_dense,exact_dense,exact_dense,beam_local,0.99,fast_sparse,4,6,0,6,0,0,False,0,False,,,,,,,,,,,,,,,,,,,,,,,False
tiny_generic_dense,0,exact_dense,6,0,exact_dense,exact_dense,exact_dense,beam_local,0.99,beam_local,5,6,6,0,0,0,True,6,True,0.016168104019016027,0.015901212493190542,0.016746228247939143,0.016169092516065575,0.015902183498837985,0.016747314497479238,0.016784781488240696,0.016787229498731904,0.37329135298205074,189.90234375,1.0,0.948545824870541,100.0,1.0,0.948545824870541,1.0,1.0,0.996823265652731,0.996824469560161,exact_optimal_score,1.0,0.948545824870541,False
tiny_generic_dense,0,exact_dense,6,0,exact_dense,exact_dense,exact_dense,beam_local,0.99,beam_local_capped,6,6,6,0,0,0,True,6,True,0.016112030993099324,0.0159655714960536,0.016833420988405123,0.016113201490952633,0.015966596751241013,0.016834424743137788,0.017361480509862304,0.017364094019285403,0.37905809900257736,189.90234375,1.0,0.948545824870541,100.0,1.0,0.948545824870541,0.9942873028179993,0.9942766177401847,0.9952429251918675,0.9952383914578182,exact_optimal_score,1.0,0.948545824870541,False
tiny_generic_dense,0,exact_dense,6,0,exact_dense,exact_dense,exact_dense,beam_local,0.99,beam_partial_score,7,6,6,0,0,0,True,6,True,0.3872035984968534,0.3781870232487563,0.39265981574135367,0.38720513849693816,0.37818848999449983,0.39266159100225195,0.3924162845069077,0.3924185070063686,3.3479641804879066,189.90234375,0.6538249214499767,0.5875575830289925,65.38249214499767,0.6538249214499767,0.5875575830289925,0.04295845135093109,0.04296075404500368,0.08061611525684284,0.08062017184312228,exact_optimal_score,0.6538249214499767,0.5875575830289925,False
tiny_generic_dense,0,exact_dense,6,0,exact_dense,exact_dense,exact_dense,beam_local,0.99,fast_beam_partial,8,6,0,6,0,0,False,0,False,,,,,,,,,,,,,,,,,,,,,,,False
dense_common_overlap,1,fast_dense,5,0,fast_dense,fast_dense,fast_dense,fast_beam_partial,0.99,exact_dense,0,5,5,0,0,0,True,5,True,1.1461158620077185,1.1327001119789202,1.158391377015505,1.146117899013916,1.1327022670011502,1.1583934010122903,1.1382575099996757,1.1382596080075018,9.435346490005031,190.65234375,1.0,1.0,100.0,1.0,1.0,0.001958196541533612,0.01004336520917553,0.003908739003868092,0.019886998034179638,exact_optimal_score,1.0,1.0,True
dense_common_overlap,1,fast_dense,5,0,fast_dense,fast_dense,fast_dense,fast_beam_partial,0.99,fast_dense,1,5,5,0,0,0,True,5,True,0.02008605800801888,0.019810425001196563,0.020087580021936446,0.02523454703623429,0.024807716021314263,0.025235189008526504,0.1203971249924507,0.12565433999407105,0.5558973609877285,195.8125,1.0,1.0,100.0,1.0,1.0,0.1107892147722937,0.45503334826685,0.19947837681338118,0.6254610573824426,exact_optimal_score,1.0,1.0,True
dense_common_overlap,1,fast_dense,5,0,fast_dense,fast_dense,fast_dense,fast_beam_partial,0.99,sparse_closure,2,5,5,0,0,0,True,5,True,1.7775900239939801,1.7478907009935938,1.780146703007631,1.780043382983422,1.7503627850092016,1.782630373025313,1.8019737300055567,1.8044694590207655,14.578184246987803,313.46875,1.0,1.0,100.0,1.0,1.0,0.0012708352972150376,0.006458924606931484,0.0025384446493696296,0.012834949244359854,exact_optimal_score,1.0,1.0,True
dense_common_overlap,1,fast_dense,5,0,fast_dense,fast_dense,fast_dense,fast_beam_partial,0.99,sparse_chain,3,5,5,0,0,0,True,5,True,2.84995794200222,2.8465184059750754,2.8674844859924633,2.852525015012361,2.849066887953086,2.8700767359987367,2.861346535006305,2.863845316984225,23.225722666014917,358.95703125,1.0,1.0,100.0,1.0,1.0,0.0007423689521804263,0.0038042588020422235,0.001483636498687905,0.007579682530102619,exact_optimal_score,1.0,1.0,True
dense_common_overlap,1,fast_dense,5,0,fast_dense,fast_dense,fast_dense,fast_beam_partial,0.99,fast_sparse,4,5,5,0,0,0,True,5,True,1.965822719008429,1.948735810990911,1.9694218359945808,1.972991680027917,1.955970934999641,1.9768661249836441,1.9470492959953845,1.9543593270063866,16.005945484997937,348.48828125,1.0,1.0,100.0,1.0,1.0,0.0011538975342386376,0.005877984075340719,0.002305135178678511,0.011687270560442957,exact_optimal_score,1.0,1.0,True
dense_common_overlap,1,fast_dense,5,0,fast_dense,fast_dense,fast_dense,fast_beam_partial,0.99,beam_local,5,5,5,0,0,0,True,5,True,0.03163825598312542,0.03128653799649328,0.03177784100989811,0.03163966097054072,0.0312875300005544,0.03177888601203449,0.0324756040063221,0.03247818601084873,0.49788733597961254,190.65234375,1.0,0.9523809523809523,100.0,1.0,0.9523809523809523,0.07169668231472594,0.367708364293087,0.13335425415426547,0.5305677998610218,exact_optimal_score,1.0,0.9523809523809523,False
dense_common_overlap,1,fast_dense,5,0,fast_dense,fast_dense,fast_dense,fast_beam_partial,0.99,beam_local_capped,6,5,5,0,0,0,True,5,True,0.03182404302060604,0.030440636008279398,0.032011180999688804,0.031825082027353346,0.030441701994277537,0.03201267801341601,0.03242734298692085,0.032429704966489226,0.4943287289934233,190.65234375,1.0,1.0,100.0,1.0,1.0,0.07563544297464556,0.37767816037087665,0.14063397309682812,0.5482821332802491,exact_optimal_score,1.0,1.0,True
dense_common_overlap,1,fast_dense,5,0,fast_dense,fast_dense,fast_dense,fast_beam_partial,0.99,beam_partial_score,7,5,5,0,0,0,True,5,True,0.7308278319833335,0.5992736220068764,1.2731081530218944,0.7308298499847297,0.59927536098985,1.273110156034818,0.7389767869899515,0.7389791139867157,6.129749943007482,190.65234375,0.14285714285714285,0.09523809523809523,14.285714285714285,0.14285714285714285,0.09523809523809523,0.002471401969046056,0.012982398011793024,0.0048704338412433315,0.023801767857604027,exact_optimal_score,0.14285714285714285,0.09523809523809523,False
dense_common_overlap,1,fast_dense,5,0,fast_dense,fast_dense,fast_dense,fast_beam_partial,0.99,fast_beam_partial,8,5,5,0,0,0,True,5,True,0.0022683579882141203,0.0014274990244302899,0.0023023909889161587,0.011497166007757187,0.01061388902598992,0.011634167982265353,0.09929231498972513,0.10886487198877148,0.41756943697691895,192.90234375,0.5238095238095238,0.2857142857142857,52.38095238095239,0.5238095238095238,0.2857142857142857,1.0,1.0,0.6875000000000001,0.6875000000000001,exact_optimal_score,0.5238095238095238,0.2857142857142857,False
generic_sparse_jaccard,2,sparse_chain,5,0,sparse_chain,sparse_chain,sparse_chain,sparse_chain,0.99,exact_dense,0,5,5,0,0,0,True,5,True,1.850288282992551,1.8392665709834546,1.858234405022813,1.8502902410109527,1.839268549985718,1.8582363150489982,1.8424867930007167,1.8424892569892108,14.990270515001612,191.77734375,1.0,1.0,100.0,1.0,1.0,0.007921802396837794,0.009530239430588207,0.015719081337460406,0.018880542768017743,exact_optimal_score,1.0,1.0,True
generic_sparse_jaccard,2,sparse_chain,5,0,sparse_chain,sparse_chain,sparse_chain,sparse_chain,0.99,fast_dense,1,5,0,5,0,0,False,0,False,,,,,,,,,,,,,,,,,,,,,,,False
generic_sparse_jaccard,2,sparse_chain,5,0,sparse_chain,sparse_chain,sparse_chain,sparse_chain,0.99,sparse_closure,2,5,5,0,0,0,True,5,True,0.18508737499359995,0.1807519010035321,0.18885438999859616,0.18813997801044025,0.18384987098397687,0.1918990669946652,0.19129656901350245,0.19457011899794452,1.753178012004355,191.77734375,1.0,1.0,100.0,1.0,1.0,0.08020383138509474,0.0955209958552342,0.14849758731600335,0.17438460096451985,exact_optimal_score,1.0,1.0,True
generic_sparse_jaccard,2,sparse_chain,5,0,sparse_chain,sparse_chain,sparse_chain,sparse_chain,0.99,sparse_chain,3,5,5,0,0,0,True,5,True,0.014551545988069847,0.014519479998853058,0.014777361997403204,0.017577590013388544,0.017522147012641653,0.017709437001030892,0.015853044023970142,0.019137771014356986,0.3680801820009947,191.77734375,1.0,1.0,100.0,1.0,1.0,1.0,1.0,1.0,1.0,exact_optimal_score,1.0,1.0,True
generic_sparse_jaccard,2,sparse_chain,5,0,sparse_chain,sparse_chain,sparse_chain,sparse_chain,0.99,fast_sparse,4,5,0,5,0,0,False,0,False,,,,,,,,,,,,,,,,,,,,,,,False
generic_sparse_jaccard,2,sparse_chain,5,0,sparse_chain,sparse_chain,sparse_chain,sparse_chain,0.99,beam_local,5,5,5,0,0,0,True,5,True,0.028838868980528787,0.02878223400330171,0.03092101900256239,0.028839966980740428,0.02878324600169435,0.030922011996153742,0.02968306199181825,0.02968552100355737,0.47201653799857013,191.77734375,1.0,0.5454545454545454,100.0,1.0,0.5454545454545454,0.5026894432098082,0.6094871753884811,0.6467345964582129,0.7283121258449907,exact_optimal_score,1.0,0.5454545454545454,False
generic_sparse_jaccard,2,sparse_chain,5,0,sparse_chain,sparse_chain,sparse_chain,sparse_chain,0.99,beam_local_capped,6,5,5,0,0,0,True,5,True,0.029683590022614226,0.025076210993574932,0.032208096992690116,0.029684689012356102,0.02507718198467046,0.03220917799626477,0.02938464199542068,0.02938684998662211,0.47262769399094395,191.77734375,1.0,0.5641025641025641,100.0,1.0,0.5641025641025641,0.49782933890897896,0.5965848924224683,0.6430317292562303,0.6941745328246183,exact_optimal_score,1.0,0.5641025641025641,False
generic_sparse_jaccard,2,sparse_chain,5,0,sparse_chain,sparse_chain,sparse_chain,sparse_chain,0.99,beam_partial_score,7,5,5,0,0,0,True,5,True,0.2390591049916111,0.23318723400007002,0.24149205698631704,0.2390605550026521,0.23318903698236682,0.24149363598553464,0.26347881500259973,0.26348096498986706,2.205463229009183,191.77734375,0.5128205128205128,0.45283015608660454,51.28205128205128,0.5128205128205128,0.45283015608660454,0.06119191737325129,0.07352777212950727,0.11223838396054202,0.13158947420666528,exact_optimal_score,0.5128205128205128,0.45283015608660454,False
generic_sparse_jaccard,2,sparse_chain,5,0,sparse_chain,sparse_chain,sparse_chain,sparse_chain,0.99,fast_beam_partial,8,5,0,5,0,0,False,0,False,,,,,,,,,,,,,,,,,,,,,,,False
large_sparse_overlap,3,fast_sparse,4,0,fast_sparse,fast_sparse,fast_sparse,fast_beam_partial,0.99,exact_dense,0,4,0,4,0,0,False,0,False,,,,,,,,,,,,,,,,,,,,,,,False
large_sparse_overlap,3,fast_sparse,4,0,fast_sparse,fast_sparse,fast_sparse,fast_beam_partial,0.99,fast_dense,1,4,0,4,0,0,False,0,False,,,,,,,,,,,,,,,,,,,,,,,False
large_sparse_overlap,3,fast_sparse,4,0,fast_sparse,fast_sparse,fast_sparse,fast_beam_partial,0.99,sparse_closure,2,4,4,0,0,0,True,4,True,15.055465450510383,14.91338954801904,15.199447535240324,15.078797372014378,14.93697553727543,15.222634074241796,15.173914127008175,15.198423371519311,121.62882476049708,1852.357421875,1.0,1.0,100.0,1.0,1.0,0.0004005893492624708,0.0028144982345455543,0.0008008576214155675,0.005613197671661069,exact_optimal_score,1.0,1.0,True
large_sparse_overlap,3,fast_sparse,4,0,fast_sparse,fast_sparse,fast_sparse,fast_beam_partial,0.99,sparse_chain,3,4,4,0,0,0,True,4,True,1.1224329769902397,1.117599075754697,1.125883544482349,1.1456579189834883,1.1409527184951003,1.149166659481125,1.11689136349014,1.141574232984567,9.352448092991835,221.279296875,1.0,1.0,100.0,1.0,1.0,0.005296129301863371,0.036820943653718366,0.01053643596847791,0.07102626358566203,exact_optimal_score,1.0,1.0,True
large_sparse_overlap,3,fast_sparse,4,0,fast_sparse,fast_sparse,fast_sparse,fast_beam_partial,0.99,fast_sparse,4,4,4,0,0,0,True,4,True,0.8252325094945263,0.8132460059932782,0.8329985524978838,0.9070299759914633,0.8944045989774168,0.9149061835050816,0.8231972660141764,0.8956828500231495,7.117327643500175,217.07421875,1.0,1.0,100.0,1.0,1.0,0.007369012790582597,0.047474910271818604,0.014630089950138602,0.09064635167247517,exact_optimal_score,1.0,1.0,True
large_sparse_overlap,3,fast_sparse,4,0,fast_sparse,fast_sparse,fast_sparse,fast_beam_partial,0.99,beam_local,5,4,4,0,0,0,True,4,True,0.1191354080074234,0.11548868950194446,0.12739035376580432,0.11913725650811102,0.11549016425124137,0.12739239502116106,0.1375402035046136,0.13754311500815675,1.2629758205002872,198.41015625,0.45,0.26666666666666666,45.0,0.45,0.26666666666666666,0.052246171215797554,0.35626163131455946,0.08994067791814589,0.34959313670173775,exact_optimal_score,0.45,0.26666666666666666,False
large_sparse_overlap,3,fast_sparse,4,0,fast_sparse,fast_sparse,fast_sparse,fast_beam_partial,0.99,beam_local_capped,6,4,4,0,0,0,True,4,True,0.042316572507843375,0.038441746510216035,0.043023843005357776,0.04231759651156608,0.03844289402331924,0.04302491775160888,0.04371963250741828,0.043722369489842094,0.5940780884993728,198.41015625,0.3,0.26666666666666666,30.0,0.3,0.26666666666666666,0.14676274693582947,1.0,0.19664904948968287,0.4605263157894737,exact_optimal_score,0.3,0.26666666666666666,False
large_sparse_overlap,3,fast_sparse,4,0,fast_sparse,fast_sparse,fast_sparse,fast_beam_partial,0.99,beam_partial_score,7,4,4,0,0,0,True,4,True,0.298472126989509,0.29666731099860044,0.3002119327284163,0.2984739020030247,0.2966689250024501,0.30021387225133367,0.3021939039899735,0.3021966789965518,2.6437680189992534,198.41015625,0.075,0.06666666666666667,7.5,0.075,0.06666666666666667,0.020115010995178668,0.14315619226819226,0.03130089740877142,0.0942634830877718,exact_optimal_score,0.075,0.06666666666666667,False
large_sparse_overlap,3,fast_sparse,4,0,fast_sparse,fast_sparse,fast_sparse,fast_beam_partial,0.99,fast_beam_partial,8,4,4,0,0,0,True,4,True,0.005944555989117362,0.005767406000813935,0.006144406484963838,0.09332742699189112,0.09297598899138393,0.09366020699962974,0.11914858150703367,0.20914825150975958,0.7052105914917774,200.640625,0.19166666666666665,0.13333333333333333,19.166666666666664,0.19166666666666665,0.13333333333333333,1.0,0.4517879526349538,0.3176470588235294,0.2564421549934828,exact_optimal_score,0.19166666666666665,0.13333333333333333,False
narrow_tree_to_path,4,beam_local_capped,5,0,sparse_chain,sparse_chain,sparse_chain,beam_local,0.99,exact_dense,0,5,5,0,0,0,True,5,True,1.4039411210105754,1.4039397630258463,1.411823906993959,1.4039432980061974,1.403941382013727,1.411825716990279,1.4094156409846619,1.4094180929823779,11.498321237013442,198.69140625,1.0,1.0,100.0,1.0,1.0,0.14543440635444302,0.14543515818866032,0.2539375551277789,0.25393870119832,exact_optimal_score,1.0,1.0,True
narrow_tree_to_path,4,beam_local_capped,5,0,sparse_chain,sparse_chain,sparse_chain,beam_local,0.99,fast_dense,1,5,0,5,0,0,False,0,False,,,,,,,,,,,,,,,,,,,,,,,False
narrow_tree_to_path,4,beam_local_capped,5,0,sparse_chain,sparse_chain,sparse_chain,beam_local,0.99,sparse_closure,2,5,5,0,0,0,True,5,True,1.2785103530040942,1.274461841006996,1.2825785989989527,1.2876319690258242,1.2835575030185282,1.2916747039998882,1.2800233210145961,1.289943800016772,10.611709507997148,327.69140625,1.0,1.0,100.0,1.0,1.0,0.15919581548641457,0.15807574178582848,0.27466595955509693,0.27299724203196823,exact_optimal_score,1.0,1.0,True
narrow_tree_to_path,4,beam_local_capped,5,0,sparse_chain,sparse_chain,sparse_chain,beam_local,0.99,sparse_chain,3,5,5,0,0,0,True,5,True,0.5653008259832859,0.5454752680088859,0.5752889400173444,0.5743497209914494,0.5545590970141347,0.584483947022818,0.5711739550170023,0.5809973310097121,4.854564570006914,198.69140625,1.0,1.0,100.0,1.0,1.0,0.35846414034496554,0.35281681973798196,0.5277491391917609,0.5216032423463166,exact_optimal_score,1.0,1.0,True
narrow_tree_to_path,4,beam_local_capped,5,0,sparse_chain,sparse_chain,sparse_chain,beam_local,0.99,fast_sparse,4,5,0,5,0,0,False,0,False,,,,,,,,,,,,,,,,,,,,,,,False
narrow_tree_to_path,4,beam_local_capped,5,0,sparse_chain,sparse_chain,sparse_chain,beam_local,0.99,beam_local,5,5,5,0,0,0,True,5,True,0.2072596180078108,0.19963171301060356,0.21011475700652227,0.2072616120276507,0.1996334710274823,0.2101164030318614,0.2093852580001112,0.20938770499196835,1.9330231089843437,198.69140625,0.9975490196078433,0.9327146171693734,99.75490196078432,0.9975490196078433,0.9327146171693734,0.9890362609825013,0.9890357614113423,0.9944879139548299,0.9944876614079187,exact_optimal_score,0.9975490196078433,0.9327146171693734,False
narrow_tree_to_path,4,beam_local_capped,5,0,sparse_chain,sparse_chain,sparse_chain,beam_local,0.99,beam_local_capped,6,5,5,0,0,0,True,5,True,0.20750576900900342,0.20418114599306136,0.20833360898541287,0.2075078510097228,0.20418243698077276,0.20833517698338255,0.2091396820032969,0.20914212299976498,1.9322700900083873,198.69140625,0.9803921568627452,0.9073170731707314,98.03921568627452,0.9803921568627452,0.9073170731707314,1.0,1.0,0.9875656287413513,0.98756665539294,exact_optimal_score,0.9803921568627452,0.9073170731707314,False
narrow_tree_to_path,4,beam_local_capped,5,0,sparse_chain,sparse_chain,sparse_chain,beam_local,0.99,beam_partial_score,7,5,5,0,0,0,True,5,True,2.310364404984284,2.308324381010607,3.9623970790125895,2.3103662130015437,2.308325963007519,3.962398811010644,2.3233749479986727,2.323377503984375,18.796553387015592,198.69140625,0.2316313823163138,0.1879350348027842,23.16313823163138,0.2316313823163138,0.1879350348027842,0.08845426911085559,0.08845476776371018,0.12029160252162063,0.12029206362738866,exact_optimal_score,0.2316313823163138,0.1879350348027842,False
narrow_tree_to_path,4,beam_local_capped,5,0,sparse_chain,sparse_chain,sparse_chain,beam_local,0.99,fast_beam_partial,8,5,0,5,0,0,False,0,False,,,,,,,,,,,,,,,,,,,,,,,False
wide_shallow_tree_pair,5,beam_local_capped,5,0,exact_dense,exact_dense,exact_dense,beam_local_capped,0.99,exact_dense,0,5,5,0,0,0,True,5,True,0.8032700630137697,0.8021013070247136,0.8057236620225012,0.8032713410211727,0.8021027700451668,0.8057251510326751,0.8160616329987533,0.8160638970148284,6.704101481009275,198.87890625,1.0,1.0,100.0,1.0,1.0,0.0033056848725951733,0.0033068263249733275,0.0065895866482904375,0.0065918545318503375,exact_optimal_score,1.0,1.0,True
wide_shallow_tree_pair,5,beam_local_capped,5,0,exact_dense,exact_dense,exact_dense,beam_local_capped,0.99,fast_dense,1,5,0,5,0,0,False,0,False,,,,,,,,,,,,,,,,,,,,,,,False
wide_shallow_tree_pair,5,beam_local_capped,5,0,exact_dense,exact_dense,exact_dense,beam_local_capped,0.99,sparse_closure,2,5,5,0,0,0,True,5,True,1.0978121280204505,1.0765495779924095,1.1097746219893452,1.0994707860227209,1.0782330240181182,1.111538038996514,1.0997937039937824,1.1015699300041888,9.055401487014024,243.234375,1.0,1.0,100.0,1.0,1.0,0.0023630219320696856,0.00236014535366112,0.004714902446251311,0.004709176366601037,exact_optimal_score,1.0,1.0,True
wide_shallow_tree_pair,5,beam_local_capped,5,0,exact_dense,exact_dense,exact_dense,beam_local_capped,0.99,sparse_chain,3,5,5,0,0,0,True,5,True,1.5183893009962048,1.5018493469979148,1.5322686540021095,1.5201622669992503,1.5035733629774768,1.5340513870178256,1.5312316239869688,1.5330306649848353,12.474797738017514,269.10546875,1.0,1.0,100.0,1.0,1.0,0.001700843135891971,0.001699450831010343,0.0033959103609564043,0.003393135195592805,exact_optimal_score,1.0,1.0,True
wide_shallow_tree_pair,5,beam_local_capped,5,0,exact_dense,exact_dense,exact_dense,beam_local_capped,0.99,fast_sparse,4,5,0,5,0,0,False,0,False,,,,,,,,,,,,,,,,,,,,,,,False
wide_shallow_tree_pair,5,beam_local_capped,5,0,exact_dense,exact_dense,exact_dense,beam_local_capped,0.99,beam_local,5,5,5,0,0,0,True,5,True,0.5360461180098355,0.5352663820085581,0.5372533769987058,0.5360478810034692,0.5352683179953601,0.5372553390043322,0.5508726770058274,0.5508750029839575,4.559189303981839,200.390625,0.7129014091883166,0.5575559947997416,71.29014091883165,0.7129014091883166,0.5575559947997416,0.004972231021463004,0.004973950546754998,0.009884745727947076,0.009888143592613,exact_optimal_score,0.7129014091883166,0.5575559947997416,False
wide_shallow_tree_pair,5,beam_local_capped,5,0,exact_dense,exact_dense,exact_dense,beam_local_capped,0.99,beam_local_capped,6,5,5,0,0,0,True,5,True,0.0026262100145686418,0.0024839020043145865,0.0027777309878729284,0.0026271230017300695,0.0024847780005075037,0.002778700989438221,0.0029342809866648167,0.0029369249823503196,0.2564741930109449,198.87890625,0.49752232435749955,0.4385959060231011,49.75223243574995,0.49752232435749955,0.4385959060231011,1.0,1.0,0.6644606444460955,0.6644606444460955,exact_optimal_score,0.49752232435749955,0.4385959060231011,False
wide_shallow_tree_pair,5,beam_local_capped,5,0,exact_dense,exact_dense,exact_dense,beam_local_capped,0.99,beam_partial_score,7,5,5,0,0,0,True,5,True,0.21436481300042942,0.20856489200377837,0.2312607380154077,0.21436688001267612,0.20856613898649812,0.2312617540010251,0.21504161600023508,0.21504397201351821,1.9780592329916544,198.87890625,0.5279617748331562,0.4443964127073329,52.79617748331562,0.5279617748331562,0.4443964127073329,0.0120112519388737,0.012015393558875731,0.023529663265165764,0.02353761006094659,exact_optimal_score,0.5279617748331562,0.4443964127073329,False
wide_shallow_tree_pair,5,beam_local_capped,5,0,exact_dense,exact_dense,exact_dense,beam_local_capped,0.99,fast_beam_partial,8,5,0,5,0,0,False,0,False,,,,,,,,,,,,,,,,,,,,,,,False
deep_rare_anchor_stress,6,fast_beam_partial,0,0,,,,,0.99,exact_dense,0,3,0,3,0,0,False,0,False,,,,,,,,,,,,,,,,,,,,,,,False
deep_rare_anchor_stress,6,fast_beam_partial,0,0,,,,,0.99,fast_dense,1,3,0,3,0,0,False,0,False,,,,,,,,,,,,,,,,,,,,,,,False
deep_rare_anchor_stress,6,fast_beam_partial,0,0,,,,,0.99,sparse_closure,2,3,0,3,0,0,False,0,False,,,,,,,,,,,,,,,,,,,,,,,False
deep_rare_anchor_stress,6,fast_beam_partial,0,0,,,,,0.99,sparse_chain,3,3,0,3,0,0,False,0,False,,,,,,,,,,,,,,,,,,,,,,,False
deep_rare_anchor_stress,6,fast_beam_partial,0,0,,,,,0.99,fast_sparse,4,3,0,3,0,0,False,0,False,,,,,,,,,,,,,,,,,,,,,,,False
deep_rare_anchor_stress,6,fast_beam_partial,0,0,,,,,0.99,beam_local,5,3,3,0,0,0,True,0,False,0.07873465601005591,0.06319875849294476,0.0849821440060623,0.07873630803078413,0.06320038701232988,0.08498378501099069,0.08452703198418021,0.08452927399775945,0.8977074459835421,198.87890625,,,,,,0.07745987988762872,0.9188320339295067,,,,,,False
deep_rare_anchor_stress,6,fast_beam_partial,0,0,,,,,0.99,beam_local_capped,6,3,3,0,0,0,True,0,False,0.08922428198275156,0.06298254898865707,0.09294268599478528,0.08922594299656339,0.06298403849359602,0.09294433100149035,0.09145470798830502,0.09145689499564469,0.97788811600185,198.87890625,,,,,,0.07134520864089094,0.9394824330022055,,,,,,False
deep_rare_anchor_stress,6,fast_beam_partial,0,0,,,,,0.99,beam_partial_score,7,3,3,0,0,0,True,0,False,0.28534624000894837,0.2617593114991905,0.32498219949775375,0.2853479039913509,0.2617610649904236,0.32498397899325937,0.28514902098686434,0.2851513499917928,2.566535258985823,198.87890625,,,,,,0.018306647371532585,0.16703983217385182,,,,,,False
deep_rare_anchor_stress,6,fast_beam_partial,0,0,,,,,0.99,fast_beam_partial,8,3,3,0,0,0,True,0,False,0.0060987769975326955,0.005661254996084608,0.006232251005712897,0.08214376599062234,0.08207223899080418,0.0829849860019749,0.11774342300486751,0.1952370099897962,0.6629936809767969,200.69921875,,,,,,1.0,0.5802566441781728,,,,,,False
rare_anchor_oracle,7,fast_dense,5,0,fast_beam_partial,fast_beam_partial,fast_beam_partial,fast_beam_partial,0.99,exact_dense,0,5,5,0,0,0,True,5,True,1.1560294429946225,1.1499398899904918,1.1655674689973239,1.1560313639929518,1.1499415430007502,1.1655690640036482,1.145893264998449,1.1458955499983858,9.563072586024646,198.87890625,1.0,1.0,100.0,1.0,1.0,0.004945156964760465,0.011196794779682282,0.009841645447989104,0.022145629490690422,exact_optimal_score,1.0,1.0,True
rare_anchor_oracle,7,fast_dense,5,0,fast_beam_partial,fast_beam_partial,fast_beam_partial,fast_beam_partial,0.99,fast_dense,1,5,5,0,0,0,True,5,True,0.01648776399088092,0.015348806016845629,0.016538568976102397,0.018408521980745718,0.01744307202170603,0.01851796798291616,0.11776384399854578,0.11970301298424602,0.504627888003597,210.40234375,1.0,1.0,100.0,1.0,1.0,0.3571218029879114,0.7200685120915785,0.5262929269895349,0.8372556174707083,exact_optimal_score,1.0,1.0,True
rare_anchor_oracle,7,fast_dense,5,0,fast_beam_partial,fast_beam_partial,fast_beam_partial,fast_beam_partial,0.99,sparse_closure,2,5,5,0,0,0,True,5,True,2.1988689040008467,2.1963959360145964,2.244504025002243,2.2017918580095284,2.1993341740162577,2.247477051016176,2.28366813500179,2.2866270359954797,18.08357933300431,531.8671875,1.0,1.0,100.0,1.0,1.0,0.002514841115952517,0.005687081652110568,0.00501706511028428,0.011309843301890707,exact_optimal_score,1.0,1.0,True
rare_anchor_oracle,7,fast_dense,5,0,fast_beam_partial,fast_beam_partial,fast_beam_partial,fast_beam_partial,0.99,sparse_chain,3,5,5,0,0,0,True,5,True,2.273815576976631,2.2348487639974337,2.2764813260000665,2.276899919990683,2.2378894700086676,2.279628467018483,2.27531570699648,2.278400270995917,18.53556596400449,365.0859375,1.0,1.0,100.0,1.0,1.0,0.0024824225254459014,0.005613081576859416,0.004952550727407673,0.011163501509065057,exact_optimal_score,1.0,1.0,True
rare_anchor_oracle,7,fast_dense,5,0,fast_beam_partial,fast_beam_partial,fast_beam_partial,fast_beam_partial,0.99,fast_sparse,4,5,5,0,0,0,True,5,True,2.0379327109840233,2.015569023002172,2.0618958020058926,2.0423908529628534,2.0200828480010387,2.066345287981676,2.0389137270103674,2.043393548025051,16.711046638025437,352.7890625,1.0,1.0,100.0,1.0,1.0,0.0026475654439054213,0.006124093735419358,0.005281148701005934,0.0121736349890649,exact_optimal_score,1.0,1.0,True
rare_anchor_oracle,7,fast_dense,5,0,fast_beam_partial,fast_beam_partial,fast_beam_partial,fast_beam_partial,0.99,beam_local,5,5,5,0,0,0,True,5,True,0.09588945601717569,0.09576701201149262,0.09590491201379336,0.09589115201379173,0.09576801498769782,0.09590596202178858,0.09749183099484071,0.09749421599553898,1.0099254879751243,198.87890625,0.3601975672628098,0.07629910207485315,36.01975672628098,0.3601975672628098,0.07629910207485315,0.05894066117797613,0.1334519149728031,0.09877042416107892,0.18926138172346343,exact_optimal_score,0.3601975672628098,0.07629910207485315,False
rare_anchor_oracle,7,fast_dense,5,0,fast_beam_partial,fast_beam_partial,fast_beam_partial,fast_beam_partial,0.99,beam_local_capped,6,5,5,0,0,0,True,5,True,0.098191235010745,0.09769648499786854,0.0994723120238632,0.09819261502707377,0.09769755200250074,0.09947351802838966,0.09864641100284643,0.09864868101431057,1.025561270012986,198.87890625,0.3601975672628098,0.07629910207485315,36.01975672628098,0.3601975672628098,0.07629910207485315,0.05674514738978256,0.12848067753675765,0.09671480970342716,0.1893259930501526,exact_optimal_score,0.3601975672628098,0.07629910207485315,False
rare_anchor_oracle,7,fast_dense,5,0,fast_beam_partial,fast_beam_partial,fast_beam_partial,fast_beam_partial,0.99,beam_partial_score,7,5,5,0,0,0,True,5,True,0.29780274198856205,0.2843636420147959,0.32161106399144046,0.2978042330069002,0.2843647990084719,0.3216122159792576,0.2977949400083162,0.29779738999786787,2.6366270540165715,198.87890625,0.9927493209738071,0.9922332569015897,99.27493209738071,0.9927493209738071,0.9922332569015897,0.018305930280828293,0.04291552495479894,0.0359487724283821,0.0822782798124355,exact_optimal_score,0.9927493209738071,0.9922332569015897,True
rare_anchor_oracle,7,fast_dense,5,0,fast_beam_partial,fast_beam_partial,fast_beam_partial,fast_beam_partial,0.99,fast_beam_partial,8,5,5,0,0,0,True,5,True,0.005644571006996557,0.005348252016119659,0.005693731014616787,0.012780424993252382,0.01250779302790761,0.013142426032572985,0.09851418301695958,0.10593429001164623,0.4183007180108689,198.87890625,0.9927493209738071,0.9922332569015897,99.27493209738071,0.9927493209738071,0.9922332569015897,1.0,1.0,0.996361469578798,0.996361469578798,exact_optimal_score,0.9927493209738071,0.9922332569015897,True
