regime,family,score_mode,generic_algorithm,encoded_algorithm,intended_pair_count,paired_complete_count,complete_coverage,scores_checked,all_observed_scores_agree,score_mismatch_count,max_abs_score_difference,median_warm_speedup,q25_warm_speedup,q75_warm_speedup,median_setup_speedup,median_cold_setup_speedup,comparison_note
tiny_generic_dense,exact_dp,jaccard,exact_dense,fast_dense,6,0,False,0,,0,,,,,,,same exact objective
tiny_generic_dense,partial_beam,jaccard,beam_partial_score,fast_beam_partial,6,0,False,0,,0,,,,,,,observed score agreement is not beam optimality; compare identical budgets
dense_common_overlap,exact_dp,overlap,exact_dense,fast_dense,5,5,True,5,True,0,0.0,56.57716803315681,56.388082125470866,58.01458334204971,45.30686067764772,9.212150072898277,same exact objective
dense_common_overlap,partial_beam,overlap,beam_partial_score,fast_beam_partial,5,5,True,5,False,5,10.0,404.6286328670334,400.14103634132044,841.5032964919332,77.02737191477371,6.885764216624609,different finite-budget overlap proposal rules
generic_sparse_jaccard,exact_dp,jaccard,exact_dense,fast_dense,5,0,False,0,,0,,,,,,,same exact objective
generic_sparse_jaccard,partial_beam,jaccard,beam_partial_score,fast_beam_partial,5,0,False,0,,0,,,,,,,observed score agreement is not beam optimality; compare identical budgets
large_sparse_overlap,exact_dp,overlap,exact_dense,fast_dense,4,0,False,0,,0,,,,,,,same exact objective
large_sparse_overlap,partial_beam,overlap,beam_partial_score,fast_beam_partial,4,4,True,4,False,4,2.0,49.749035232930304,48.0070424173273,51.89221849225977,3.1764375511045766,1.4313473519596478,different finite-budget overlap proposal rules
narrow_tree_to_path,exact_dp,jaccard,exact_dense,fast_dense,5,0,False,0,,0,,,,,,,same exact objective
narrow_tree_to_path,partial_beam,jaccard,beam_partial_score,fast_beam_partial,5,0,False,0,,0,,,,,,,observed score agreement is not beam optimality; compare identical budgets
wide_shallow_tree_pair,exact_dp,jaccard,exact_dense,fast_dense,5,0,False,0,,0,,,,,,,same exact objective
wide_shallow_tree_pair,partial_beam,jaccard,beam_partial_score,fast_beam_partial,5,0,False,0,,0,,,,,,,observed score agreement is not beam optimality; compare identical budgets
deep_rare_anchor_stress,exact_dp,equality,exact_dense,fast_dense,3,0,False,0,,0,,,,,,,same exact objective
deep_rare_anchor_stress,partial_beam,equality,beam_partial_score,fast_beam_partial,3,3,True,3,True,0,2.475462679285556e-08,54.62496653292353,46.019887566021126,57.20521086857511,3.4737621358135278,1.4605394233741638,observed score agreement is not beam optimality; compare identical budgets
rare_anchor_oracle,exact_dp,equality,exact_dense,fast_dense,5,5,True,5,True,0,0.0,70.69287682926428,69.53079747420173,74.3663150568923,63.31681952645455,9.445756151593796,same exact objective
rare_anchor_oracle,partial_beam,equality,beam_partial_score,fast_beam_partial,5,5,True,5,True,0,4.950925358571112e-08,54.62710633434974,52.7591453131566,56.485117257174515,23.30159076588849,2.811151988323408,observed score agreement is not beam optimality; compare identical budgets
