regime,instance,family,score_mode,generic_algorithm,encoded_algorithm,generic_status,encoded_status,paired_complete,generic_warm_seconds,encoded_warm_seconds,warm_speedup,setup_speedup,cold_setup_speedup,generic_score,encoded_score,max_abs_score_difference,score_mismatch_count,score_agreement,comparison_note
tiny_generic_dense,0,exact_dp,jaccard,exact_dense,fast_dense,ok,skipped,False,0.0197950360015966,,,,,6.3333330154418945,,,,,same exact objective
tiny_generic_dense,0,partial_beam,jaccard,beam_partial_score,fast_beam_partial,ok,skipped,False,0.3901862580096349,,,,,4.333333333333333,,,,,observed score agreement is not beam optimality; compare identical budgets
tiny_generic_dense,1,exact_dp,jaccard,exact_dense,fast_dense,ok,skipped,False,0.019606995017966256,,,,,6.483333587646484,,,,,same exact objective
tiny_generic_dense,1,partial_beam,jaccard,beam_partial_score,fast_beam_partial,ok,skipped,False,0.3761757180036511,,,,,4.333333333333334,,,,,observed score agreement is not beam optimality; compare identical budgets
tiny_generic_dense,2,exact_dp,jaccard,exact_dense,fast_dense,ok,skipped,False,0.01907956801005639,,,,,7.450000286102295,,,,,same exact objective
tiny_generic_dense,2,partial_beam,jaccard,beam_partial_score,fast_beam_partial,ok,skipped,False,0.38422093898407184,,,,,4.699999999999999,,,,,observed score agreement is not beam optimality; compare identical budgets
tiny_generic_dense,3,exact_dp,jaccard,exact_dense,fast_dense,ok,skipped,False,0.020321350981248543,,,,,7.299999713897705,,,,,same exact objective
tiny_generic_dense,3,partial_beam,jaccard,beam_partial_score,fast_beam_partial,ok,skipped,False,0.3936694720177911,,,,,4.666666666666666,,,,,observed score agreement is not beam optimality; compare identical budgets
tiny_generic_dense,4,exact_dp,jaccard,exact_dense,fast_dense,ok,skipped,False,0.01932291898992844,,,,,7.233333587646484,,,,,same exact objective
tiny_generic_dense,4,partial_beam,jaccard,beam_partial_score,fast_beam_partial,ok,skipped,False,0.29274157498730347,,,,,4.25,,,,,observed score agreement is not beam optimality; compare identical budgets
tiny_generic_dense,5,exact_dp,jaccard,exact_dense,fast_dense,ok,skipped,False,0.019607645022915676,,,,,7.166667461395264,,,,,same exact objective
tiny_generic_dense,5,partial_beam,jaccard,beam_partial_score,fast_beam_partial,ok,skipped,False,0.3934843349852599,,,,,5.333333333333333,,,,,observed score agreement is not beam optimality; compare identical budgets
dense_common_overlap,0,exact_dp,overlap,exact_dense,fast_dense,ok,ok,True,1.1461158620077185,0.01975565101020038,58.01458334204971,46.417889570959304,9.212150072898277,21.0,21.0,0.0,0.0,True,same exact objective
dense_common_overlap,0,partial_beam,overlap,beam_partial_score,fast_beam_partial,ok,ok,True,1.2731081530218944,0.003146361996186897,404.6286328670334,104.0911099836303,11.21528684380168,4.0,12.0,8.0,1.0,False,different finite-budget overlap proposal rules
dense_common_overlap,1,exact_dp,overlap,exact_dense,fast_dense,ok,ok,True,1.158391377015505,0.020474538003327325,56.57716803315681,45.30686067764772,9.256278517599874,21.0,21.0,0.0,0.0,True,same exact objective
dense_common_overlap,1,partial_beam,overlap,beam_partial_score,fast_beam_partial,ok,ok,True,0.5992736220068764,0.0022683579882141203,264.18829176019295,51.50994569644866,5.353713202202618,2.0,12.0,10.0,1.0,False,different finite-budget overlap proposal rules
dense_common_overlap,2,exact_dp,overlap,exact_dense,fast_dense,ok,ok,True,1.1327001119789202,0.020087580021936446,56.388082125470866,44.88696648189099,9.05865732979227,21.0,21.0,0.0,0.0,True,same exact objective
dense_common_overlap,2,partial_beam,overlap,beam_partial_score,fast_beam_partial,ok,ok,True,0.5712009390117601,0.0014274990244302899,400.14103634132044,53.81651952498345,5.206560312977921,2.0,9.0,7.0,1.0,False,different finite-budget overlap proposal rules
dense_common_overlap,3,exact_dp,overlap,exact_dense,fast_dense,ok,ok,True,1.132314677000977,0.02008605800801888,56.3731657326155,44.87053877834524,8.551833112604584,21.0,21.0,0.0,0.0,True,same exact objective
dense_common_overlap,3,partial_beam,overlap,beam_partial_score,fast_beam_partial,ok,ok,True,1.9374696069862694,0.0023023909889161587,841.5032964919332,168.5173092817101,18.132428869874644,4.0,11.0,7.0,1.0,False,different finite-budget overlap proposal rules
dense_common_overlap,4,exact_dp,overlap,exact_dense,fast_dense,ok,ok,True,1.1611671359860338,0.019810425001196563,58.61394371478141,46.80677922926412,9.338469914583198,21.0,21.0,0.0,0.0,True,same exact objective
dense_common_overlap,4,partial_beam,overlap,beam_partial_score,fast_beam_partial,ok,ok,True,0.7308278319833335,0.00031610598671250045,2311.9708664297586,77.02737191477371,6.885764216624609,3.0,6.0,3.0,1.0,False,different finite-budget overlap proposal rules
generic_sparse_jaccard,0,exact_dp,jaccard,exact_dense,fast_dense,ok,skipped,False,1.8392665709834546,,,,,3.7833333015441895,,,,,same exact objective
generic_sparse_jaccard,0,partial_beam,jaccard,beam_partial_score,fast_beam_partial,ok,skipped,False,0.23318723400007002,,,,,2.0,,,,,observed score agreement is not beam optimality; compare identical budgets
generic_sparse_jaccard,1,exact_dp,jaccard,exact_dense,fast_dense,ok,skipped,False,1.850288282992551,,,,,3.6666665077209473,,,,,same exact objective
generic_sparse_jaccard,1,partial_beam,jaccard,beam_partial_score,fast_beam_partial,ok,skipped,False,0.2390591049916111,,,,,3.0,,,,,observed score agreement is not beam optimality; compare identical budgets
generic_sparse_jaccard,2,exact_dp,jaccard,exact_dense,fast_dense,ok,skipped,False,1.858234405022813,,,,,4.4166669845581055,,,,,same exact objective
generic_sparse_jaccard,2,partial_beam,jaccard,beam_partial_score,fast_beam_partial,ok,skipped,False,0.24149205698631704,,,,,2.0,,,,,observed score agreement is not beam optimality; compare identical budgets
generic_sparse_jaccard,3,exact_dp,jaccard,exact_dense,fast_dense,ok,skipped,False,1.8328505649988074,,,,,3.8999998569488525,,,,,same exact objective
generic_sparse_jaccard,3,partial_beam,jaccard,beam_partial_score,fast_beam_partial,ok,skipped,False,0.2429546290077269,,,,,2.0,,,,,observed score agreement is not beam optimality; compare identical budgets
generic_sparse_jaccard,4,exact_dp,jaccard,exact_dense,fast_dense,ok,skipped,False,1.9006251899991184,,,,,3.9166667461395264,,,,,same exact objective
generic_sparse_jaccard,4,partial_beam,jaccard,beam_partial_score,fast_beam_partial,ok,skipped,False,0.23080036201281473,,,,,2.0,,,,,observed score agreement is not beam optimality; compare identical budgets
large_sparse_overlap,0,exact_dp,overlap,exact_dense,fast_dense,skipped,skipped,False,,,,,,,,,,,same exact objective
large_sparse_overlap,0,partial_beam,overlap,beam_partial_score,fast_beam_partial,ok,ok,True,0.297748960001627,0.005830548994708806,51.06705393811675,3.189515740773666,1.4467466995977423,1.0,2.0,1.0,1.0,False,different finite-budget overlap proposal rules
large_sparse_overlap,1,exact_dp,overlap,exact_dense,fast_dense,skipped,skipped,False,,,,,,,,,,,same exact objective
large_sparse_overlap,1,partial_beam,overlap,beam_partial_score,fast_beam_partial,ok,ok,True,0.2934223639895208,0.006058562983525917,48.43101652774386,3.144886633889673,1.4159480043215533,1.0,2.0,1.0,1.0,False,different finite-budget overlap proposal rules
large_sparse_overlap,2,exact_dp,overlap,exact_dense,fast_dense,skipped,skipped,False,,,,,,,,,,,same exact objective
large_sparse_overlap,2,partial_beam,overlap,beam_partial_score,fast_beam_partial,ok,ok,True,0.3032618489814922,0.005577977019129321,54.367712154688846,3.296412955360084,1.4810612043687745,1.0,3.0,2.0,1.0,False,different finite-budget overlap proposal rules
large_sparse_overlap,3,exact_dp,overlap,exact_dense,fast_dense,skipped,skipped,False,,,,,,,,,,,same exact objective
large_sparse_overlap,3,partial_beam,overlap,beam_partial_score,fast_beam_partial,ok,ok,True,0.299195293977391,0.006401936989277601,46.73512008607763,3.163359361435487,1.3803150343222557,1.0,3.0,2.0,1.0,False,different finite-budget overlap proposal rules
narrow_tree_to_path,0,exact_dp,jaccard,exact_dense,fast_dense,ok,skipped,False,1.4039411210105754,,,,,66.83333587646484,,,,,same exact objective
narrow_tree_to_path,0,partial_beam,jaccard,beam_partial_score,fast_beam_partial,ok,skipped,False,3.9623970790125895,,,,,25.0,,,,,observed score agreement is not beam optimality; compare identical budgets
narrow_tree_to_path,1,exact_dp,jaccard,exact_dense,fast_dense,ok,skipped,False,1.411823906993959,,,,,66.91666412353516,,,,,same exact objective
narrow_tree_to_path,1,partial_beam,jaccard,beam_partial_score,fast_beam_partial,ok,skipped,False,2.310364404984284,,,,,15.5,,,,,observed score agreement is not beam optimality; compare identical budgets
narrow_tree_to_path,2,exact_dp,jaccard,exact_dense,fast_dense,ok,skipped,False,1.3999732100055553,,,,,68.33332061767578,,,,,same exact objective
narrow_tree_to_path,2,partial_beam,jaccard,beam_partial_score,fast_beam_partial,ok,skipped,False,1.713726919988403,,,,,13.833333333333334,,,,,observed score agreement is not beam optimality; compare identical budgets
narrow_tree_to_path,3,exact_dp,jaccard,exact_dense,fast_dense,ok,skipped,False,1.4134158749948256,,,,,68.0,,,,,same exact objective
narrow_tree_to_path,3,partial_beam,jaccard,beam_partial_score,fast_beam_partial,ok,skipped,False,4.132161266985349,,,,,24.999999999999996,,,,,observed score agreement is not beam optimality; compare identical budgets
narrow_tree_to_path,4,exact_dp,jaccard,exact_dense,fast_dense,ok,skipped,False,1.4039397630258463,,,,,71.83332824707031,,,,,same exact objective
narrow_tree_to_path,4,partial_beam,jaccard,beam_partial_score,fast_beam_partial,ok,skipped,False,2.308324381010607,,,,,13.5,,,,,observed score agreement is not beam optimality; compare identical budgets
wide_shallow_tree_pair,0,exact_dp,jaccard,exact_dense,fast_dense,ok,skipped,False,0.7944526220089756,,,,,4.500486373901367,,,,,same exact objective
wide_shallow_tree_pair,0,partial_beam,jaccard,beam_partial_score,fast_beam_partial,ok,skipped,False,0.20856489200377837,,,,,2.0,,,,,observed score agreement is not beam optimality; compare identical budgets
wide_shallow_tree_pair,1,exact_dp,jaccard,exact_dense,fast_dense,ok,skipped,False,0.8057236620225012,,,,,4.0162482261657715,,,,,same exact objective
wide_shallow_tree_pair,1,partial_beam,jaccard,beam_partial_score,fast_beam_partial,ok,skipped,False,0.21436481300042942,,,,,2.0,,,,,observed score agreement is not beam optimality; compare identical budgets
wide_shallow_tree_pair,2,exact_dp,jaccard,exact_dense,fast_dense,ok,skipped,False,0.8099726920190733,,,,,4.129901885986328,,,,,same exact objective
wide_shallow_tree_pair,2,partial_beam,jaccard,beam_partial_score,fast_beam_partial,ok,skipped,False,0.2312607380154077,,,,,2.368302830502017,,,,,observed score agreement is not beam optimality; compare identical budgets
wide_shallow_tree_pair,3,exact_dp,jaccard,exact_dense,fast_dense,ok,skipped,False,0.8032700630137697,,,,,4.892277240753174,,,,,same exact objective
wide_shallow_tree_pair,3,partial_beam,jaccard,beam_partial_score,fast_beam_partial,ok,skipped,False,0.24965658801374957,,,,,2.582935375003902,,,,,observed score agreement is not beam optimality; compare identical budgets
wide_shallow_tree_pair,4,exact_dp,jaccard,exact_dense,fast_dense,ok,skipped,False,0.8021013070247136,,,,,4.062942981719971,,,,,same exact objective
wide_shallow_tree_pair,4,partial_beam,jaccard,beam_partial_score,fast_beam_partial,ok,skipped,False,0.20772404700983316,,,,,2.4019744675288472,,,,,observed score agreement is not beam optimality; compare identical budgets
deep_rare_anchor_stress,0,exact_dp,equality,exact_dense,fast_dense,skipped,skipped,False,,,,,,,,,,,same exact objective
deep_rare_anchor_stress,0,partial_beam,equality,beam_partial_score,fast_beam_partial,ok,ok,True,0.23817238298943266,0.006365725013893098,37.41480859911873,2.84128600489958,1.2423011637853412,14001.681792830508,14001.681792855263,2.475462679285556e-08,0.0,True,observed score agreement is not beam optimality; compare identical budgets
deep_rare_anchor_stress,1,exact_dp,equality,exact_dense,fast_dense,skipped,skipped,False,,,,,,,,,,,same exact objective
deep_rare_anchor_stress,1,partial_beam,equality,beam_partial_score,fast_beam_partial,ok,ok,True,0.28534624000894837,0.005223732994636521,54.62496653292353,3.4737621358135278,1.4605394233741638,14000.0,14000.0,0.0,0.0,True,observed score agreement is not beam optimality; compare identical budgets
deep_rare_anchor_stress,2,exact_dp,equality,exact_dense,fast_dense,skipped,skipped,False,,,,,,,,,,,same exact objective
deep_rare_anchor_stress,2,partial_beam,equality,beam_partial_score,fast_beam_partial,ok,ok,True,0.36461815898655914,0.0060987769975326955,59.78545520422669,4.446547415774255,1.9108366592085526,14000.0,14000.0,0.0,0.0,True,observed score agreement is not beam optimality; compare identical budgets
rare_anchor_oracle,0,exact_dp,equality,exact_dense,fast_dense,ok,ok,True,1.1560294429946225,0.017451714986236766,66.24159539084388,59.50631709252317,9.412255380786709,14110.021484375,14110.021484375,0.0,0.0,True,same exact objective
rare_anchor_oracle,0,partial_beam,equality,beam_partial_score,fast_beam_partial,ok,ok,True,0.2843636420147959,0.005205541005125269,54.62710633434974,23.108108280052996,2.6305246911704265,14003.363585661016,14003.363585710526,4.950925358571112e-08,0.0,True,observed score agreement is not beam optimality; compare identical budgets
rare_anchor_oracle,1,exact_dp,equality,exact_dense,fast_dense,ok,ok,True,1.1716819209977984,0.014390405995072797,81.42104686962803,71.74422268657192,9.791255332196965,14115.630859375,14115.630859375,0.0,0.0,True,same exact objective
rare_anchor_oracle,1,partial_beam,equality,beam_partial_score,fast_beam_partial,ok,ok,True,0.2713330650003627,0.005348252016119659,50.73303654774746,21.693203782008087,2.511166741078125,14006.0,14006.0,0.0,0.0,True,observed score agreement is not beam optimality; compare identical budgets
rare_anchor_oracle,2,exact_dp,equality,exact_dense,fast_dense,ok,ok,True,1.1655674689973239,0.01648776399088092,70.69287682926428,63.31681952645455,9.572821280189462,14063.1123046875,14063.1123046875,0.0,0.0,True,same exact objective
rare_anchor_oracle,2,partial_beam,equality,beam_partial_score,fast_beam_partial,ok,ok,True,0.33319316600682214,0.005888140003662556,56.58716773031355,25.1365522416201,2.942567400108453,14000.0,14000.0,0.0,0.0,True,observed score agreement is not beam optimality; compare identical budgets
rare_anchor_oracle,3,exact_dp,equality,exact_dense,fast_dense,ok,ok,True,1.1499398899904918,0.016538568976102397,69.53079747420173,62.09868944916819,9.445756151593796,14102.248046875,14102.248046875,0.0,0.0,True,same exact objective
rare_anchor_oracle,3,partial_beam,equality,beam_partial_score,fast_beam_partial,ok,ok,True,0.32161106399144046,0.005693731014616787,56.485117257174515,24.471297398376404,2.961239367948207,14000.0,14000.0,0.0,0.0,True,observed score agreement is not beam optimality; compare identical budgets
rare_anchor_oracle,4,exact_dp,equality,exact_dense,fast_dense,ok,ok,True,1.1414341439958662,0.015348806016845629,74.3663150568923,65.43778696668379,9.33650903248431,14086.251953125,14086.251953125,0.0,0.0,True,same exact objective
rare_anchor_oracle,4,partial_beam,equality,beam_partial_score,fast_beam_partial,ok,ok,True,0.29780274198856205,0.005644571006996557,52.7591453131566,23.30159076588849,2.811151988323408,14000.0,14000.0,0.0,0.0,True,observed score agreement is not beam optimality; compare identical budgets
