regime,regime_order,algorithm,algorithm_config_index,complete_coverage,successful_instances,timeout_instances,total_instances,complete_accuracy_coverage,median_accuracy_score,min_accuracy_score,median_predict_seconds,q25_predict_seconds,q75_predict_seconds,median_setup_plus_warm_search_seconds,median_cold_predict_seconds,median_cold_setup_plus_predict_seconds,median_fresh_process_total_seconds,median_peak_rss_mib,median_warm_timing_score,median_warm_accuracy_harmonic_score,quality_eligible,median_accuracy_percent,min_accuracy_percent,median_warm_ms,warm_iqr_ms,median_setup_plus_warm_ms,median_cold_predict_ms,median_cold_setup_ms,median_fresh_process_s,warm_speed_accuracy_frontier
tiny_generic_dense,0,beam_local_capped,6,True,6,0,6,True,1.0,0.948545824870541,0.016112030993099324,0.0159655714960536,0.016833420988405123,0.016113201490952633,0.017361480509862304,0.017364094019285403,0.37905809900257736,189.90234375,0.9942873028179993,0.9952429251918675,False,100.0,94.8545824870541,16.112030993099324,0.8678494923515245,16.113201490952633,17.361480509862304,17.364094019285403,0.37905809900257736,True
tiny_generic_dense,0,beam_local,5,True,6,0,6,True,1.0,0.948545824870541,0.016168104019016027,0.015901212493190542,0.016746228247939143,0.016169092516065575,0.016784781488240696,0.016787229498731904,0.37329135298205074,189.90234375,1.0,0.996823265652731,False,100.0,94.8545824870541,16.168104019016027,0.8450157547486015,16.169092516065575,16.784781488240696,16.787229498731904,0.37329135298205074,False
tiny_generic_dense,0,exact_dense,0,True,6,0,6,True,1.0,1.0,0.019607320020440966,0.019393937996937893,0.01974818825692637,0.019608272035839036,0.020271732995752245,0.020274142501875758,0.4037963610026054,189.90234375,0.8198262462591448,0.9009939727218915,True,100.0,100.0,19.607320020440966,0.3542502599884756,19.608272035839036,20.271732995752245,20.274142501875758,0.4037963610026054,False
tiny_generic_dense,0,sparse_closure,2,True,6,0,6,True,1.0,1.0,0.02238395099993795,0.022055116503906902,0.022558602002391126,0.022715148006682284,0.02351037849439308,0.023911628479254432,0.43193522449291777,189.90234375,0.7221361107626416,0.8386513758974647,True,100.0,100.0,22.38395099993795,0.5034854984842241,22.715148006682284,23.51037849439308,23.911628479254432,0.43193522449291777,False
tiny_generic_dense,0,sparse_chain,3,True,6,0,6,True,1.0,1.0,0.027727879001758993,0.02693601726059569,0.02816183249524329,0.028040532502927817,0.029160847479943186,0.02955398047924973,0.475569775007898,189.90234375,0.5794024592125672,0.7336961642564754,True,100.0,100.0,27.727879001758993,1.2258152346475981,28.040532502927817,29.160847479943186,29.55398047924973,0.475569775007898,False
tiny_generic_dense,0,beam_partial_score,7,True,6,0,6,True,0.6538249214499767,0.5875575830289925,0.3872035984968534,0.3781870232487563,0.39265981574135367,0.38720513849693816,0.3924162845069077,0.3924185070063686,3.3479641804879066,189.90234375,0.04295845135093109,0.08061611525684284,False,65.38249214499767,58.75575830289925,387.2035984968534,14.472792492597364,387.20513849693816,392.4162845069077,392.4185070063686,3.3479641804879066,False
tiny_generic_dense,0,fast_dense,1,False,0,0,6,False,,,,,,,,,,,,,False,,,,,,,,,False
tiny_generic_dense,0,fast_sparse,4,False,0,0,6,False,,,,,,,,,,,,,False,,,,,,,,,False
tiny_generic_dense,0,fast_beam_partial,8,False,0,0,6,False,,,,,,,,,,,,,False,,,,,,,,,False
dense_common_overlap,1,fast_beam_partial,8,True,5,0,5,True,0.5238095238095238,0.2857142857142857,0.0022683579882141203,0.0014274990244302899,0.0023023909889161587,0.011497166007757187,0.09929231498972513,0.10886487198877148,0.41756943697691895,192.90234375,1.0,0.6875000000000001,False,52.38095238095239,28.57142857142857,2.2683579882141203,0.8748919644858688,11.497166007757187,99.29231498972513,108.86487198877148,0.41756943697691895,True
dense_common_overlap,1,fast_dense,1,True,5,0,5,True,1.0,1.0,0.02008605800801888,0.019810425001196563,0.020087580021936446,0.02523454703623429,0.1203971249924507,0.12565433999407105,0.5558973609877285,195.8125,0.1107892147722937,0.19947837681338118,True,100.0,100.0,20.08605800801888,0.2771550207398832,25.23454703623429,120.3971249924507,125.65433999407105,0.5558973609877285,True
dense_common_overlap,1,beam_local,5,True,5,0,5,True,1.0,0.9523809523809523,0.03163825598312542,0.03128653799649328,0.03177784100989811,0.03163966097054072,0.0324756040063221,0.03247818601084873,0.49788733597961254,190.65234375,0.07169668231472594,0.13335425415426547,False,100.0,95.23809523809523,31.63825598312542,0.4913030134048313,31.639660970540717,32.4756040063221,32.47818601084873,0.49788733597961254,False
dense_common_overlap,1,beam_local_capped,6,True,5,0,5,True,1.0,1.0,0.03182404302060604,0.030440636008279398,0.032011180999688804,0.031825082027353346,0.03242734298692085,0.032429704966489226,0.4943287289934233,190.65234375,0.07563544297464556,0.14063397309682812,True,100.0,100.0,31.82404302060604,1.570544991409406,31.825082027353346,32.42734298692085,32.429704966489226,0.4943287289934233,False
dense_common_overlap,1,beam_partial_score,7,True,5,0,5,True,0.14285714285714285,0.09523809523809523,0.7308278319833335,0.5992736220068764,1.2731081530218944,0.7308298499847297,0.7389767869899515,0.7389791139867157,6.129749943007482,190.65234375,0.002471401969046056,0.0048704338412433315,False,14.285714285714285,9.523809523809524,730.8278319833335,673.834531015018,730.8298499847297,738.9767869899515,738.9791139867157,6.129749943007482,False
dense_common_overlap,1,exact_dense,0,True,5,0,5,True,1.0,1.0,1.1461158620077185,1.1327001119789202,1.158391377015505,1.146117899013916,1.1382575099996757,1.1382596080075018,9.435346490005031,190.65234375,0.001958196541533612,0.003908739003868092,True,100.0,100.0,1146.1158620077185,25.69126503658481,1146.117899013916,1138.2575099996757,1138.2596080075018,9.435346490005031,False
dense_common_overlap,1,sparse_closure,2,True,5,0,5,True,1.0,1.0,1.7775900239939801,1.7478907009935938,1.780146703007631,1.780043382983422,1.8019737300055567,1.8044694590207655,14.578184246987803,313.46875,0.0012708352972150376,0.0025384446493696296,True,100.0,100.0,1777.5900239939801,32.25600201403722,1780.043382983422,1801.9737300055567,1804.4694590207655,14.578184246987803,False
dense_common_overlap,1,fast_sparse,4,True,5,0,5,True,1.0,1.0,1.965822719008429,1.948735810990911,1.9694218359945808,1.972991680027917,1.9470492959953845,1.9543593270063866,16.005945484997937,348.48828125,0.0011538975342386376,0.002305135178678511,True,100.0,100.0,1965.822719008429,20.686025003669783,1972.991680027917,1947.0492959953845,1954.3593270063866,16.005945484997937,False
dense_common_overlap,1,sparse_chain,3,True,5,0,5,True,1.0,1.0,2.84995794200222,2.8465184059750754,2.8674844859924633,2.852525015012361,2.861346535006305,2.863845316984225,23.225722666014917,358.95703125,0.0007423689521804263,0.001483636498687905,True,100.0,100.0,2849.95794200222,20.966080017387867,2852.525015012361,2861.346535006305,2863.845316984225,23.225722666014917,False
generic_sparse_jaccard,2,sparse_chain,3,True,5,0,5,True,1.0,1.0,0.014551545988069847,0.014519479998853058,0.014777361997403204,0.017577590013388544,0.015853044023970142,0.019137771014356986,0.3680801820009947,191.77734375,1.0,1.0,True,100.0,100.0,14.551545988069847,0.2578819985501468,17.577590013388544,15.853044023970142,19.137771014356986,0.3680801820009947,True
generic_sparse_jaccard,2,beam_local,5,True,5,0,5,True,1.0,0.5454545454545454,0.028838868980528787,0.02878223400330171,0.03092101900256239,0.028839966980740428,0.02968306199181825,0.02968552100355737,0.47201653799857013,191.77734375,0.5026894432098082,0.6467345964582129,False,100.0,54.54545454545454,28.838868980528787,2.138784999260679,28.839966980740428,29.68306199181825,29.68552100355737,0.47201653799857013,False
generic_sparse_jaccard,2,beam_local_capped,6,True,5,0,5,True,1.0,0.5641025641025641,0.029683590022614226,0.025076210993574932,0.032208096992690116,0.029684689012356102,0.02938464199542068,0.02938684998662211,0.47262769399094395,191.77734375,0.49782933890897896,0.6430317292562303,False,100.0,56.41025641025641,29.683590022614226,7.131885999115184,29.684689012356102,29.38464199542068,29.38684998662211,0.47262769399094395,False
generic_sparse_jaccard,2,sparse_closure,2,True,5,0,5,True,1.0,1.0,0.18508737499359995,0.1807519010035321,0.18885438999859616,0.18813997801044025,0.19129656901350245,0.19457011899794452,1.753178012004355,191.77734375,0.08020383138509474,0.14849758731600335,True,100.0,100.0,185.08737499359995,8.10248899506405,188.13997801044025,191.29656901350245,194.57011899794452,1.753178012004355,False
generic_sparse_jaccard,2,beam_partial_score,7,True,5,0,5,True,0.5128205128205128,0.45283015608660454,0.2390591049916111,0.23318723400007002,0.24149205698631704,0.2390605550026521,0.26347881500259973,0.26348096498986706,2.205463229009183,191.77734375,0.06119191737325129,0.11223838396054202,False,51.28205128205128,45.283015608660456,239.0591049916111,8.304822986247018,239.0605550026521,263.47881500259973,263.48096498986706,2.205463229009183,False
generic_sparse_jaccard,2,exact_dense,0,True,5,0,5,True,1.0,1.0,1.850288282992551,1.8392665709834546,1.858234405022813,1.8502902410109527,1.8424867930007167,1.8424892569892108,14.990270515001612,191.77734375,0.007921802396837794,0.015719081337460406,True,100.0,100.0,1850.288282992551,18.967834039358422,1850.2902410109527,1842.4867930007167,1842.4892569892108,14.990270515001612,False
generic_sparse_jaccard,2,fast_dense,1,False,0,0,5,False,,,,,,,,,,,,,False,,,,,,,,,False
generic_sparse_jaccard,2,fast_sparse,4,False,0,0,5,False,,,,,,,,,,,,,False,,,,,,,,,False
generic_sparse_jaccard,2,fast_beam_partial,8,False,0,0,5,False,,,,,,,,,,,,,False,,,,,,,,,False
large_sparse_overlap,3,fast_beam_partial,8,True,4,0,4,True,0.19166666666666665,0.13333333333333333,0.005944555989117362,0.005767406000813935,0.006144406484963838,0.09332742699189112,0.11914858150703367,0.20914825150975958,0.7052105914917774,200.640625,1.0,0.3176470588235294,False,19.166666666666664,13.333333333333334,5.944555989117362,0.37700048414990306,93.32742699189112,119.14858150703367,209.14825150975958,0.7052105914917774,True
large_sparse_overlap,3,beam_local_capped,6,True,4,0,4,True,0.3,0.26666666666666666,0.042316572507843375,0.038441746510216035,0.043023843005357776,0.04231759651156608,0.04371963250741828,0.043722369489842094,0.5940780884993728,198.41015625,0.14676274693582947,0.19664904948968287,False,30.0,26.666666666666668,42.316572507843375,4.582096495141741,42.31759651156608,43.71963250741828,43.722369489842094,0.5940780884993728,True
large_sparse_overlap,3,beam_local,5,True,4,0,4,True,0.45,0.26666666666666666,0.1191354080074234,0.11548868950194446,0.12739035376580432,0.11913725650811102,0.1375402035046136,0.13754311500815675,1.2629758205002872,198.41015625,0.052246171215797554,0.08994067791814589,False,45.0,26.666666666666668,119.1354080074234,11.901664263859857,119.13725650811102,137.5402035046136,137.54311500815675,1.2629758205002872,True
large_sparse_overlap,3,beam_partial_score,7,True,4,0,4,True,0.075,0.06666666666666667,0.298472126989509,0.29666731099860044,0.3002119327284163,0.2984739020030247,0.3021939039899735,0.3021966789965518,2.6437680189992534,198.41015625,0.020115010995178668,0.03130089740877142,False,7.5,6.666666666666667,298.472126989509,3.5446217298158444,298.4739020030247,302.1939039899735,302.1966789965518,2.6437680189992534,False
large_sparse_overlap,3,fast_sparse,4,True,4,0,4,True,1.0,1.0,0.8252325094945263,0.8132460059932782,0.8329985524978838,0.9070299759914633,0.8231972660141764,0.8956828500231495,7.117327643500175,217.07421875,0.007369012790582597,0.014630089950138602,True,100.0,100.0,825.2325094945263,19.75254650460556,907.0299759914633,823.1972660141764,895.6828500231495,7.117327643500175,True
large_sparse_overlap,3,sparse_chain,3,True,4,0,4,True,1.0,1.0,1.1224329769902397,1.117599075754697,1.125883544482349,1.1456579189834883,1.11689136349014,1.141574232984567,9.352448092991835,221.279296875,0.005296129301863371,0.01053643596847791,True,100.0,100.0,1122.4329769902397,8.284468727651983,1145.6579189834883,1116.89136349014,1141.574232984567,9.352448092991835,False
large_sparse_overlap,3,sparse_closure,2,True,4,0,4,True,1.0,1.0,15.055465450510383,14.91338954801904,15.199447535240324,15.078797372014378,15.173914127008175,15.198423371519311,121.62882476049708,1852.357421875,0.0004005893492624708,0.0008008576214155675,True,100.0,100.0,15055.465450510383,286.05798722128384,15078.797372014378,15173.914127008175,15198.423371519311,121.62882476049708,False
large_sparse_overlap,3,exact_dense,0,False,0,0,4,False,,,,,,,,,,,,,False,,,,,,,,,False
large_sparse_overlap,3,fast_dense,1,False,0,0,4,False,,,,,,,,,,,,,False,,,,,,,,,False
narrow_tree_to_path,4,beam_local,5,True,5,0,5,True,0.9975490196078433,0.9327146171693734,0.2072596180078108,0.19963171301060356,0.21011475700652227,0.2072616120276507,0.2093852580001112,0.20938770499196835,1.9330231089843437,198.69140625,0.9890362609825013,0.9944879139548299,False,99.75490196078432,93.27146171693734,207.2596180078108,10.483043995918706,207.2616120276507,209.3852580001112,209.38770499196835,1.9330231089843437,True
narrow_tree_to_path,4,beam_local_capped,6,True,5,0,5,True,0.9803921568627452,0.9073170731707314,0.20750576900900342,0.20418114599306136,0.20833360898541287,0.2075078510097228,0.2091396820032969,0.20914212299976498,1.9322700900083873,198.69140625,1.0,0.9875656287413513,False,98.03921568627452,90.73170731707314,207.50576900900342,4.152462992351502,207.5078510097228,209.1396820032969,209.14212299976498,1.9322700900083873,False
narrow_tree_to_path,4,sparse_chain,3,True,5,0,5,True,1.0,1.0,0.5653008259832859,0.5454752680088859,0.5752889400173444,0.5743497209914494,0.5711739550170023,0.5809973310097121,4.854564570006914,198.69140625,0.35846414034496554,0.5277491391917609,True,100.0,100.0,565.3008259832859,29.813672008458525,574.3497209914494,571.1739550170023,580.9973310097121,4.854564570006914,True
narrow_tree_to_path,4,sparse_closure,2,True,5,0,5,True,1.0,1.0,1.2785103530040942,1.274461841006996,1.2825785989989527,1.2876319690258242,1.2800233210145961,1.289943800016772,10.611709507997148,327.69140625,0.15919581548641457,0.27466595955509693,True,100.0,100.0,1278.5103530040942,8.116757991956547,1287.6319690258242,1280.0233210145961,1289.943800016772,10.611709507997148,False
narrow_tree_to_path,4,exact_dense,0,True,5,0,5,True,1.0,1.0,1.4039411210105754,1.4039397630258463,1.411823906993959,1.4039432980061974,1.4094156409846619,1.4094180929823779,11.498321237013442,198.69140625,0.14543440635444302,0.2539375551277789,True,100.0,100.0,1403.9411210105754,7.884143968112767,1403.9432980061974,1409.4156409846619,1409.4180929823779,11.498321237013442,False
narrow_tree_to_path,4,beam_partial_score,7,True,5,0,5,True,0.2316313823163138,0.1879350348027842,2.310364404984284,2.308324381010607,3.9623970790125895,2.3103662130015437,2.3233749479986727,2.323377503984375,18.796553387015592,198.69140625,0.08845426911085559,0.12029160252162063,False,23.16313823163138,18.79350348027842,2310.364404984284,1654.0726980019826,2310.3662130015437,2323.3749479986727,2323.377503984375,18.796553387015592,False
narrow_tree_to_path,4,fast_dense,1,False,0,0,5,False,,,,,,,,,,,,,False,,,,,,,,,False
narrow_tree_to_path,4,fast_sparse,4,False,0,0,5,False,,,,,,,,,,,,,False,,,,,,,,,False
narrow_tree_to_path,4,fast_beam_partial,8,False,0,0,5,False,,,,,,,,,,,,,False,,,,,,,,,False
wide_shallow_tree_pair,5,beam_local_capped,6,True,5,0,5,True,0.49752232435749955,0.4385959060231011,0.0026262100145686418,0.0024839020043145865,0.0027777309878729284,0.0026271230017300695,0.0029342809866648167,0.0029369249823503196,0.2564741930109449,198.87890625,1.0,0.6644606444460955,False,49.75223243574995,43.859590602310114,2.626210014568642,0.29382898355834186,2.6271230017300695,2.9342809866648167,2.9369249823503196,0.2564741930109449,True
wide_shallow_tree_pair,5,beam_partial_score,7,True,5,0,5,True,0.5279617748331562,0.4443964127073329,0.21436481300042942,0.20856489200377837,0.2312607380154077,0.21436688001267612,0.21504161600023508,0.21504397201351821,1.9780592329916544,198.87890625,0.0120112519388737,0.023529663265165764,False,52.79617748331562,44.43964127073329,214.36481300042942,22.695846011629328,214.36688001267612,215.04161600023508,215.04397201351821,1.9780592329916544,True
wide_shallow_tree_pair,5,beam_local,5,True,5,0,5,True,0.7129014091883166,0.5575559947997416,0.5360461180098355,0.5352663820085581,0.5372533769987058,0.5360478810034692,0.5508726770058274,0.5508750029839575,4.559189303981839,200.390625,0.004972231021463004,0.009884745727947076,False,71.29014091883165,55.75559947997416,536.0461180098355,1.9869949901476502,536.0478810034692,550.8726770058274,550.8750029839575,4.559189303981839,True
wide_shallow_tree_pair,5,exact_dense,0,True,5,0,5,True,1.0,1.0,0.8032700630137697,0.8021013070247136,0.8057236620225012,0.8032713410211727,0.8160616329987533,0.8160638970148284,6.704101481009275,198.87890625,0.0033056848725951733,0.0065895866482904375,True,100.0,100.0,803.2700630137697,3.6223549977876246,803.2713410211727,816.0616329987533,816.0638970148284,6.704101481009275,True
wide_shallow_tree_pair,5,sparse_closure,2,True,5,0,5,True,1.0,1.0,1.0978121280204505,1.0765495779924095,1.1097746219893452,1.0994707860227209,1.0997937039937824,1.1015699300041888,9.055401487014024,243.234375,0.0023630219320696856,0.004714902446251311,True,100.0,100.0,1097.8121280204505,33.22504399693571,1099.4707860227209,1099.7937039937824,1101.5699300041888,9.055401487014024,False
wide_shallow_tree_pair,5,sparse_chain,3,True,5,0,5,True,1.0,1.0,1.5183893009962048,1.5018493469979148,1.5322686540021095,1.5201622669992503,1.5312316239869688,1.5330306649848353,12.474797738017514,269.10546875,0.001700843135891971,0.0033959103609564043,True,100.0,100.0,1518.3893009962048,30.419307004194707,1520.1622669992503,1531.2316239869688,1533.0306649848353,12.474797738017514,False
wide_shallow_tree_pair,5,fast_dense,1,False,0,0,5,False,,,,,,,,,,,,,False,,,,,,,,,False
wide_shallow_tree_pair,5,fast_sparse,4,False,0,0,5,False,,,,,,,,,,,,,False,,,,,,,,,False
wide_shallow_tree_pair,5,fast_beam_partial,8,False,0,0,5,False,,,,,,,,,,,,,False,,,,,,,,,False
deep_rare_anchor_stress,6,fast_beam_partial,8,True,3,0,3,False,,,0.0060987769975326955,0.005661254996084608,0.006232251005712897,0.08214376599062234,0.11774342300486751,0.1952370099897962,0.6629936809767969,200.69921875,1.0,,False,,,6.0987769975326955,0.5709960096282884,82.14376599062234,117.74342300486751,195.2370099897962,0.6629936809767969,False
deep_rare_anchor_stress,6,beam_local,5,True,3,0,3,False,,,0.07873465601005591,0.06319875849294476,0.0849821440060623,0.07873630803078413,0.08452703198418021,0.08452927399775945,0.8977074459835421,198.87890625,0.07745987988762872,,False,,,78.73465601005591,21.783385513117537,78.73630803078413,84.52703198418021,84.52927399775945,0.8977074459835421,False
deep_rare_anchor_stress,6,beam_local_capped,6,True,3,0,3,False,,,0.08922428198275156,0.06298254898865707,0.09294268599478528,0.08922594299656339,0.09145470798830502,0.09145689499564469,0.97788811600185,198.87890625,0.07134520864089094,,False,,,89.22428198275156,29.960137006128207,89.22594299656339,91.45470798830502,91.45689499564469,0.97788811600185,False
deep_rare_anchor_stress,6,beam_partial_score,7,True,3,0,3,False,,,0.28534624000894837,0.2617593114991905,0.32498219949775375,0.2853479039913509,0.28514902098686434,0.2851513499917928,2.566535258985823,198.87890625,0.018306647371532585,,False,,,285.34624000894837,63.22288799856324,285.3479039913509,285.14902098686434,285.1513499917928,2.566535258985823,False
deep_rare_anchor_stress,6,exact_dense,0,False,0,0,3,False,,,,,,,,,,,,,False,,,,,,,,,False
deep_rare_anchor_stress,6,fast_dense,1,False,0,0,3,False,,,,,,,,,,,,,False,,,,,,,,,False
deep_rare_anchor_stress,6,sparse_closure,2,False,0,0,3,False,,,,,,,,,,,,,False,,,,,,,,,False
deep_rare_anchor_stress,6,sparse_chain,3,False,0,0,3,False,,,,,,,,,,,,,False,,,,,,,,,False
deep_rare_anchor_stress,6,fast_sparse,4,False,0,0,3,False,,,,,,,,,,,,,False,,,,,,,,,False
rare_anchor_oracle,7,fast_beam_partial,8,True,5,0,5,True,0.9927493209738071,0.9922332569015897,0.005644571006996557,0.005348252016119659,0.005693731014616787,0.012780424993252382,0.09851418301695958,0.10593429001164623,0.4183007180108689,198.87890625,1.0,0.996361469578798,True,99.27493209738071,99.22332569015897,5.644571006996557,0.3454789984971285,12.780424993252382,98.51418301695958,105.93429001164623,0.4183007180108689,True
rare_anchor_oracle,7,fast_dense,1,True,5,0,5,True,1.0,1.0,0.01648776399088092,0.015348806016845629,0.016538568976102397,0.018408521980745718,0.11776384399854578,0.11970301298424602,0.504627888003597,210.40234375,0.3571218029879114,0.5262929269895349,True,100.0,100.0,16.48776399088092,1.1897629592567682,18.408521980745718,117.76384399854578,119.70301298424602,0.504627888003597,True
rare_anchor_oracle,7,beam_local,5,True,5,0,5,True,0.3601975672628098,0.07629910207485315,0.09588945601717569,0.09576701201149262,0.09590491201379336,0.09589115201379173,0.09749183099484071,0.09749421599553898,1.0099254879751243,198.87890625,0.05894066117797613,0.09877042416107892,False,36.01975672628098,7.629910207485315,95.88945601717569,0.1379000023007393,95.89115201379173,97.49183099484071,97.49421599553898,1.0099254879751243,False
rare_anchor_oracle,7,beam_local_capped,6,True,5,0,5,True,0.3601975672628098,0.07629910207485315,0.098191235010745,0.09769648499786854,0.0994723120238632,0.09819261502707377,0.09864641100284643,0.09864868101431057,1.025561270012986,198.87890625,0.05674514738978256,0.09671480970342716,False,36.01975672628098,7.629910207485315,98.191235010745,1.7758270259946585,98.19261502707377,98.64641100284643,98.64868101431057,1.025561270012986,False
rare_anchor_oracle,7,beam_partial_score,7,True,5,0,5,True,0.9927493209738071,0.9922332569015897,0.29780274198856205,0.2843636420147959,0.32161106399144046,0.2978042330069002,0.2977949400083162,0.29779738999786787,2.6366270540165715,198.87890625,0.018305930280828293,0.0359487724283821,True,99.27493209738071,99.22332569015897,297.80274198856205,37.247421976644546,297.8042330069002,297.7949400083162,297.79738999786787,2.6366270540165715,False
rare_anchor_oracle,7,exact_dense,0,True,5,0,5,True,1.0,1.0,1.1560294429946225,1.1499398899904918,1.1655674689973239,1.1560313639929518,1.145893264998449,1.1458955499983858,9.563072586024646,198.87890625,0.004945156964760465,0.009841645447989104,True,100.0,100.0,1156.0294429946225,15.627579006832093,1156.0313639929518,1145.893264998449,1145.8955499983858,9.563072586024646,False
rare_anchor_oracle,7,fast_sparse,4,True,5,0,5,True,1.0,1.0,2.0379327109840233,2.015569023002172,2.0618958020058926,2.0423908529628534,2.0389137270103674,2.043393548025051,16.711046638025437,352.7890625,0.0026475654439054213,0.005281148701005934,True,100.0,100.0,2037.9327109840233,46.32677900372073,2042.3908529628534,2038.9137270103674,2043.3935480250511,16.711046638025437,False
rare_anchor_oracle,7,sparse_closure,2,True,5,0,5,True,1.0,1.0,2.1988689040008467,2.1963959360145964,2.244504025002243,2.2017918580095284,2.28366813500179,2.2866270359954797,18.08357933300431,531.8671875,0.002514841115952517,0.00501706511028428,True,100.0,100.0,2198.8689040008467,48.108088987646624,2201.7918580095284,2283.66813500179,2286.6270359954797,18.08357933300431,False
rare_anchor_oracle,7,sparse_chain,3,True,5,0,5,True,1.0,1.0,2.273815576976631,2.2348487639974337,2.2764813260000665,2.276899919990683,2.27531570699648,2.278400270995917,18.53556596400449,365.0859375,0.0024824225254459014,0.004952550727407673,True,100.0,100.0,2273.815576976631,41.63256200263277,2276.899919990683,2275.31570699648,2278.400270995917,18.53556596400449,False
