regime,algorithm,dense_cells,posting_hits,diag_node_pair_score_evaluations,diag_candidate_pairs_generated,diag_positive_candidate_pairs,diag_dp_cells_computed,diag_states_generated,diag_states_after_endpoint_pruning,diag_states_retained,diag_peak_frontier_size,cold_fit_seconds,cold_predict_seconds,cold_setup_plus_predict_seconds,fresh_process_total_seconds,peak_rss_mib
deep_rare_anchor_stress,beam_local,400000000.0,94462816.0,16465.0,16465.0,4115.0,,82654.0,55300.0,50320.0,200.0,2.3900065571069717e-06,0.08452703198418021,0.08452927399775945,0.8977074459835421,198.87890625
deep_rare_anchor_stress,beam_local_capped,400000000.0,94462816.0,26000.0,26000.0,5768.0,,104322.0,55123.0,51131.0,200.0,2.342014340683818e-06,0.09145470798830502,0.09145689499564469,0.97788811600185,198.87890625
deep_rare_anchor_stress,beam_partial_score,400000000.0,94462816.0,124049.0,33775.0,33775.0,,33775.0,25446.0,3406.0,200.0,2.428976586088538e-06,0.28514902098686434,0.2851513499917928,2.566535258985823,198.87890625
deep_rare_anchor_stress,fast_beam_partial,400000000.0,94462816.0,33775.0,33775.0,33775.0,,33775.0,25446.0,3406.0,200.0,0.07725339898024686,0.11774342300486751,0.1952370099897962,0.6629936809767969,200.69921875
dense_common_overlap,beam_local,1000000.0,1674210.0,10003.0,10003.0,9276.0,,27330.0,18733.0,7892.0,200.0,2.328015398234129e-06,0.0324756040063221,0.03247818601084873,0.49788733597961254,190.65234375
dense_common_overlap,beam_local_capped,1000000.0,1674210.0,9998.0,9998.0,9225.0,,27119.0,18733.0,7857.0,200.0,2.361979568377137e-06,0.03242734298692085,0.032429704966489226,0.4943287289934233,190.65234375
dense_common_overlap,beam_partial_score,1000000.0,1674210.0,6193.0,131.0,131.0,,131.0,123.0,123.0,64.0,2.3269967641681433e-06,0.7389767869899515,0.7389791139867157,6.129749943007482,190.65234375
dense_common_overlap,exact_dense,1000000.0,1674210.0,1000000.0,,926992.0,1000000.0,,,,,2.375978510826826e-06,1.1382575099996757,1.1382596080075018,9.435346490005031,190.65234375
dense_common_overlap,fast_beam_partial,1000000.0,1674210.0,12951.0,12951.0,12951.0,,12951.0,2251.0,1614.0,200.0,0.009559042984619737,0.09929231498972513,0.10886487198877148,0.41756943697691895,192.90234375
dense_common_overlap,fast_dense,1000000.0,1674210.0,1000000.0,,,1000000.0,,,,,0.005257215001620352,0.1203971249924507,0.12565433999407105,0.5558973609877285,195.8125
dense_common_overlap,fast_sparse,1000000.0,1674210.0,926992.0,926992.0,926992.0,,,,,,0.007374826993327588,1.9470492959953845,1.9543593270063866,16.005945484997937,348.48828125
dense_common_overlap,sparse_chain,1000000.0,1674210.0,926992.0,926992.0,926992.0,,,,,,0.0025251979823224247,2.861346535006305,2.863845316984225,23.225722666014917,358.95703125
dense_common_overlap,sparse_closure,1000000.0,1674210.0,926992.0,926992.0,926992.0,991956.0,,,,,0.0025087489921133965,1.8019737300055567,1.8044694590207655,14.578184246987803,313.46875
generic_sparse_jaccard,beam_local,2560000.0,3840.0,13949.0,13949.0,52.0,,35307.0,16194.0,8140.0,200.0,2.4030159693211317e-06,0.02968306199181825,0.02968552100355737,0.47201653799857013,191.77734375
generic_sparse_jaccard,beam_local_capped,2560000.0,3840.0,14197.0,14197.0,49.0,,34858.0,15466.0,8016.0,200.0,2.353015588596463e-06,0.02938464199542068,0.02938684998662211,0.47262769399094395,191.77734375
generic_sparse_jaccard,beam_partial_score,2560000.0,3840.0,1770.0,71.0,71.0,,71.0,71.0,71.0,64.0,2.253014827147126e-06,0.26347881500259973,0.26348096498986706,2.205463229009183,191.77734375
generic_sparse_jaccard,exact_dense,2560000.0,3840.0,2560000.0,,3840.0,2560000.0,,,,,2.463988494127989e-06,1.8424867930007167,1.8424892569892108,14.990270515001612,191.77734375
generic_sparse_jaccard,sparse_chain,2560000.0,3840.0,3840.0,3840.0,3840.0,,,,,,0.0032847269903868437,0.015853044023970142,0.019137771014356986,0.3680801820009947,191.77734375
generic_sparse_jaccard,sparse_closure,2560000.0,3840.0,3840.0,3840.0,3840.0,269374.0,,,,,0.0032608929905109107,0.19129656901350245,0.19457011899794452,1.753178012004355,191.77734375
large_sparse_overlap,beam_local,100000000.0,300353.5,63600.5,63600.5,188.0,,120322.5,69423.5,10437.0,200.0,2.814500476233661e-06,0.1375402035046136,0.13754311500815675,1.2629758205002872,198.41015625
large_sparse_overlap,beam_local_capped,100000000.0,300353.5,17600.0,17600.0,58.5,,43777.5,20890.0,9394.5,200.0,2.6394991436973214e-06,0.04371963250741828,0.043722369489842094,0.5940780884993728,198.41015625
large_sparse_overlap,beam_partial_score,100000000.0,300353.5,303.5,64.0,64.0,,64.0,64.0,64.0,64.0,2.789500285871327e-06,0.3021939039899735,0.3021966789965518,2.6437680189992534,198.41015625
large_sparse_overlap,fast_beam_partial,100000000.0,300353.5,79.0,79.0,79.0,,79.0,79.0,79.0,64.0,0.08973593299742788,0.11914858150703367,0.20914825150975958,0.7052105914917774,200.640625
large_sparse_overlap,fast_sparse,100000000.0,300353.5,300154.5,300154.5,300154.5,,,,,,0.07203991901769768,0.8231972660141764,0.8956828500231495,7.117327643500175,217.07421875
large_sparse_overlap,sparse_chain,100000000.0,300353.5,300154.5,300154.5,300154.5,,,,,,0.024613639514427632,1.11689136349014,1.141574232984567,9.352448092991835,221.279296875
large_sparse_overlap,sparse_closure,100000000.0,300353.5,300154.5,300154.5,300154.5,17905437.0,,,,,0.024549793990445323,15.173914127008175,15.198423371519311,121.62882476049708,1852.357421875
narrow_tree_to_path,beam_local,1800000.0,157101.0,80471.0,80471.0,6915.0,,241882.0,86889.0,80944.0,200.0,2.4230103008449078e-06,0.2093852580001112,0.20938770499196835,1.9330231089843437,198.69140625
narrow_tree_to_path,beam_local_capped,1800000.0,157101.0,80311.0,80311.0,6902.0,,241408.0,85869.0,80791.0,200.0,2.4459732230752707e-06,0.2091396820032969,0.20914212299976498,1.9322700900083873,198.69140625
narrow_tree_to_path,beam_partial_score,1800000.0,157101.0,316377.0,55638.0,55638.0,,55638.0,9926.0,2563.0,200.0,2.555985702201724e-06,2.3233749479986727,2.323377503984375,18.796553387015592,198.69140625
narrow_tree_to_path,exact_dense,1800000.0,157101.0,1800000.0,,156094.0,1800000.0,,,,,2.5379995349794626e-06,1.4094156409846619,1.4094180929823779,11.498321237013442,198.69140625
narrow_tree_to_path,sparse_chain,1800000.0,157101.0,156094.0,156094.0,156094.0,,,,,,0.00991601898567751,0.5711739550170023,0.5809973310097121,4.854564570006914,198.69140625
narrow_tree_to_path,sparse_closure,1800000.0,157101.0,156094.0,156094.0,156094.0,1786736.0,,,,,0.009923526988131925,1.2800233210145961,1.289943800016772,10.611709507997148,327.69140625
rare_anchor_oracle,beam_local,4000000.0,928904.0,45393.0,45393.0,9981.0,,144128.0,57725.0,51563.0,200.0,2.2269960027188063e-06,0.09749183099484071,0.09749421599553898,1.0099254879751243,198.87890625
rare_anchor_oracle,beam_local_capped,4000000.0,928904.0,45393.0,45393.0,9981.0,,144128.0,57725.0,51563.0,200.0,2.2300228010863066e-06,0.09864641100284643,0.09864868101431057,1.025561270012986,198.87890625
rare_anchor_oracle,beam_partial_score,4000000.0,928904.0,158929.0,35013.0,35013.0,,35013.0,23691.0,3463.0,200.0,2.22999369725585e-06,0.2977949400083162,0.29779738999786787,2.6366270540165715,198.87890625
rare_anchor_oracle,exact_dense,4000000.0,928904.0,4000000.0,,928904.0,4000000.0,,,,,2.2849999368190765e-06,1.145893264998449,1.1458955499983858,9.563072586024646,198.87890625
rare_anchor_oracle,fast_beam_partial,4000000.0,928904.0,35013.0,35013.0,35013.0,,35013.0,23691.0,3463.0,200.0,0.00746758800232783,0.09851418301695958,0.10593429001164623,0.4183007180108689,198.87890625
rare_anchor_oracle,fast_dense,4000000.0,928904.0,4000000.0,,,4000000.0,,,,,0.0019675070070661604,0.11776384399854578,0.11970301298424602,0.504627888003597,210.40234375
rare_anchor_oracle,fast_sparse,4000000.0,928904.0,928904.0,928904.0,928904.0,,,,,,0.0044534670014400035,2.0389137270103674,2.043393548025051,16.711046638025437,352.7890625
rare_anchor_oracle,sparse_chain,4000000.0,928904.0,928904.0,928904.0,928904.0,,,,,,0.0030824349960312247,2.27531570699648,2.278400270995917,18.53556596400449,365.0859375
rare_anchor_oracle,sparse_closure,4000000.0,928904.0,928904.0,928904.0,928904.0,3060040.0,,,,,0.0029993350035510957,2.28366813500179,2.2866270359954797,18.08357933300431,531.8671875
tiny_generic_dense,beam_local,16384.0,11203.0,5407.5,5407.5,3142.5,,15320.0,6467.0,4674.0,200.0,2.30599835049361e-06,0.016784781488240696,0.016787229498731904,0.37329135298205074,189.90234375
tiny_generic_dense,beam_local_capped,16384.0,11203.0,5407.5,5407.5,3142.5,,15320.0,6467.0,4674.0,200.0,2.4165055947378278e-06,0.017361480509862304,0.017364094019285403,0.37905809900257736,189.90234375
tiny_generic_dense,beam_partial_score,16384.0,11203.0,15202.0,2920.5,2920.5,,2920.5,1782.5,808.5,200.0,2.276006853207946e-06,0.3924162845069077,0.3924185070063686,3.3479641804879066,189.90234375
tiny_generic_dense,exact_dense,16384.0,11203.0,16384.0,,9588.0,16384.0,,,,,2.3169995984062552e-06,0.020271732995752245,0.020274142501875758,0.4037963610026054,189.90234375
tiny_generic_dense,sparse_chain,16384.0,11203.0,9588.0,9588.0,9588.0,,,,,,0.00039313299930654466,0.029160847479943186,0.02955398047924973,0.475569775007898,189.90234375
tiny_generic_dense,sparse_closure,16384.0,11203.0,9588.0,9588.0,9588.0,15025.0,,,,,0.00040103300125338137,0.02351037849439308,0.023911628479254432,0.43193522449291777,189.90234375
wide_shallow_tree_pair,beam_local,640000.0,620892.0,232645.0,232645.0,180200.0,,321890.0,234278.0,1279.0,200.0,2.3259781301021576e-06,0.5508726770058274,0.5508750029839575,4.559189303981839,200.390625
wide_shallow_tree_pair,beam_local_capped,640000.0,620892.0,745.0,745.0,623.0,,2229.0,945.0,837.0,200.0,2.387998392805457e-06,0.0029342809866648167,0.0029369249823503196,0.2564741930109449,198.87890625
wide_shallow_tree_pair,beam_partial_score,640000.0,620892.0,23964.0,81.0,81.0,,81.0,81.0,81.0,64.0,2.3379980120807886e-06,0.21504161600023508,0.21504397201351821,1.9780592329916544,198.87890625
wide_shallow_tree_pair,exact_dense,640000.0,620892.0,640000.0,,498937.0,640000.0,,,,,2.2439926397055387e-06,0.8160616329987533,0.8160638970148284,6.704101481009275,198.87890625
wide_shallow_tree_pair,sparse_chain,640000.0,620892.0,498937.0,498937.0,498937.0,,,,,,0.0017989760090131313,1.5312316239869688,1.5330306649848353,12.474797738017514,269.10546875
wide_shallow_tree_pair,sparse_closure,640000.0,620892.0,498937.0,498937.0,498937.0,576458.0,,,,,0.0017762260104063898,1.0997937039937824,1.1015699300041888,9.055401487014024,243.234375
