sweep_name,sweep_kind,sweep_point,sweep_x_name,sweep_x_value,regime,family,score_mode,generic_algorithm,encoded_algorithm,intended_pair_count,paired_complete_count,complete_coverage,scores_checked,all_observed_scores_agree,score_mismatch_count,max_abs_score_difference,median_warm_speedup,q25_warm_speedup,q75_warm_speedup,median_setup_speedup,median_cold_setup_speedup,comparison_note
dense_overlap_size,size,n300,nodes_per_tree,300,dense_overlap_size__n300,exact_dp,overlap,exact_dense,fast_dense,3,3,True,3,True,0,0.0,50.69862953613106,50.11472082562194,52.660961650379605,28.04328932654788,0.9923702471494154,same exact objective
dense_overlap_size,size,n600,nodes_per_tree,600,dense_overlap_size__n600,exact_dp,overlap,exact_dense,fast_dense,3,3,True,3,True,0,0.0,56.27074028667041,55.00510961527817,57.133434917051474,39.818920927450385,3.9243849945983746,same exact objective
dense_overlap_size,size,n1000,nodes_per_tree,1000,dense_overlap_size__n1000,exact_dp,overlap,exact_dense,fast_dense,3,3,True,3,True,0,0.0,57.27106663171232,56.19496178449049,58.064205738683356,45.76177428227043,9.061908555616238,same exact objective
dense_overlap_size,size,n1600,nodes_per_tree,1600,dense_overlap_size__n1600,exact_dp,overlap,exact_dense,fast_dense,3,3,True,3,True,0,0.0,56.56086265348946,55.77745461228071,58.358812553625626,48.77264256065821,17.830945341310066,same exact objective
dense_overlap_size,size,n2400,nodes_per_tree,2400,dense_overlap_size__n2400,exact_dp,overlap,exact_dense,fast_dense,3,3,True,3,True,0,0.0,57.71708976118417,56.33745673671062,58.11011103988018,52.17939727188345,29.25812690751937,same exact objective
partial_beam_implementation_rare_anchor,size,n800,nodes_per_tree,800,partial_beam_implementation_rare_anchor__n800,exact_dp,equality,exact_dense,fast_dense,3,3,True,3,True,0,0.0,84.39817609917407,83.75967417643747,88.04816197323764,61.63856946690577,1.8854073735753145,same exact objective
partial_beam_implementation_rare_anchor,size,n800,nodes_per_tree,800,partial_beam_implementation_rare_anchor__n800,partial_beam,equality,beam_partial_score,fast_beam_partial,3,3,True,3,True,0,2.475462679285556e-08,43.15048819182483,42.26574838849628,49.30289946441356,28.52458218415136,2.0692221415546004,observed score agreement is not beam optimality; compare identical budgets
partial_beam_implementation_rare_anchor,size,n1300,nodes_per_tree,1300,partial_beam_implementation_rare_anchor__n1300,exact_dp,equality,exact_dense,fast_dense,3,3,True,3,True,0,0.0,76.10079139071297,73.74259438798146,76.65413299521339,63.50911201585221,4.541019367939884,same exact objective
partial_beam_implementation_rare_anchor,size,n1300,nodes_per_tree,1300,partial_beam_implementation_rare_anchor__n1300,partial_beam,equality,beam_partial_score,fast_beam_partial,3,3,True,3,True,0,2.1247069525998086e-07,50.4048367641639,49.71212488619252,54.727279328510335,25.252283400172118,2.270886804743885,observed score agreement is not beam optimality; compare identical budgets
partial_beam_implementation_rare_anchor,size,n2000,nodes_per_tree,2000,partial_beam_implementation_rare_anchor__n2000,exact_dp,equality,exact_dense,fast_dense,3,3,True,3,True,0,0.0,68.3694783863772,66.91702436208891,72.16437146674946,60.97288417676257,9.212857045086148,same exact objective
partial_beam_implementation_rare_anchor,size,n2000,nodes_per_tree,2000,partial_beam_implementation_rare_anchor__n2000,partial_beam,equality,beam_partial_score,fast_beam_partial,3,3,True,3,True,0,4.950925358571112e-08,54.36437577400402,52.77972682008799,55.52895578088362,23.0227980416708,2.6213559600950185,observed score agreement is not beam optimality; compare identical budgets
partial_beam_implementation_rare_anchor,size,n3000,nodes_per_tree,3000,partial_beam_implementation_rare_anchor__n3000,exact_dp,equality,exact_dense,fast_dense,3,3,True,3,True,0,0.0,50.17017505833279,49.96170060127374,51.031240138339435,47.37670838255301,17.07520443593813,same exact objective
partial_beam_implementation_rare_anchor,size,n3000,nodes_per_tree,3000,partial_beam_implementation_rare_anchor__n3000,partial_beam,equality,beam_partial_score,fast_beam_partial,3,3,True,3,True,0,0.0,61.999648997887526,61.92744155290677,70.87029645726346,21.29178419004819,3.172289245425787,observed score agreement is not beam optimality; compare identical budgets
partial_beam_implementation_rare_anchor,size,n5000,nodes_per_tree,5000,partial_beam_implementation_rare_anchor__n5000,exact_dp,equality,exact_dense,fast_dense,3,3,True,3,True,0,0.0,44.10695273767041,43.78577350829707,47.25605785778447,42.82100030235587,26.051837667890773,same exact objective
partial_beam_implementation_rare_anchor,size,n5000,nodes_per_tree,5000,partial_beam_implementation_rare_anchor__n5000,partial_beam,equality,beam_partial_score,fast_beam_partial,3,3,True,3,True,0,6.478694558609277e-08,69.84168952822793,66.6885096506341,71.19033465064555,8.48182508617851,2.925022218908514,observed score agreement is not beam optimality; compare identical budgets
