sweep_name,sweep_kind,sweep_point,sweep_x_name,sweep_x_value,regime,instance,family,score_mode,generic_algorithm,encoded_algorithm,generic_status,encoded_status,paired_complete,generic_warm_seconds,encoded_warm_seconds,warm_speedup,setup_speedup,cold_setup_speedup,generic_score,encoded_score,max_abs_score_difference,score_mismatch_count,score_agreement,comparison_note
dense_overlap_size,size,n300,nodes_per_tree,300,dense_overlap_size__n300,0,exact_dp,overlap,exact_dense,fast_dense,ok,ok,True,0.0981587759742979,0.0019817719876300544,49.530812115112816,27.630685728495003,0.9923702471494154,17.0,17.0,0.0,0,True,same exact objective
dense_overlap_size,size,n300,nodes_per_tree,300,dense_overlap_size__n300,1,exact_dp,overlap,exact_dense,fast_dense,ok,ok,True,0.10150313499616459,0.0018582390039227903,54.62329376462816,30.30758245918443,1.0490065703346534,17.0,17.0,0.0,0,True,same exact objective
dense_overlap_size,size,n300,nodes_per_tree,300,dense_overlap_size__n300,2,exact_dp,overlap,exact_dense,fast_dense,ok,ok,True,0.09799279400613159,0.0019328489725012332,50.69862953613106,28.04328932654788,0.9784564016697166,17.0,17.0,0.0,0,True,same exact objective
dense_overlap_size,size,n600,nodes_per_tree,600,dense_overlap_size__n600,0,exact_dp,overlap,exact_dense,fast_dense,ok,ok,True,0.41323872000793926,0.00712528100120835,57.99612954743253,40.72961065258586,3.9523780428912194,19.0,19.0,0.0,0,True,same exact objective
dense_overlap_size,size,n600,nodes_per_tree,600,dense_overlap_size__n600,1,exact_dp,overlap,exact_dense,fast_dense,ok,ok,True,0.40825271900394,0.007255151023855433,56.27074028667041,39.818920927450385,3.9243849945983746,19.0,19.0,0.0,0,True,same exact objective
dense_overlap_size,size,n600,nodes_per_tree,600,dense_overlap_size__n600,2,exact_dp,overlap,exact_dense,fast_dense,ok,ok,True,0.4012313639977947,0.007466231007128954,53.739478943885935,38.12727174603878,3.658351615357416,19.0,19.0,0.0,0,True,same exact objective
dense_overlap_size,size,n1000,nodes_per_tree,1000,dense_overlap_size__n1000,0,exact_dp,overlap,exact_dense,fast_dense,ok,ok,True,1.141469045978738,0.019393825001316145,58.85734484565439,46.861113463886475,9.403076129041168,21.0,21.0,0.0,0,True,same exact objective
dense_overlap_size,size,n1000,nodes_per_tree,1000,dense_overlap_size__n1000,1,exact_dp,overlap,exact_dense,fast_dense,ok,ok,True,1.1118884489987977,0.02017256000544876,55.11885693726866,44.07360616905363,8.79182239792616,21.0,21.0,0.0,0,True,same exact objective
dense_overlap_size,size,n1000,nodes_per_tree,1000,dense_overlap_size__n1000,2,exact_dp,overlap,exact_dense,fast_dense,ok,ok,True,1.1581162090005819,0.020221662998665124,57.27106663171232,45.76177428227043,9.061908555616238,21.0,21.0,0.0,0,True,same exact objective
dense_overlap_size,size,n1600,nodes_per_tree,1600,dense_overlap_size__n1600,0,exact_dp,overlap,exact_dense,fast_dense,ok,ok,True,2.779878332017688,0.050548714003525674,54.994046571071955,47.38502744773987,17.830945341310066,22.0,22.0,0.0,0,True,same exact objective
dense_overlap_size,size,n1600,nodes_per_tree,1600,dense_overlap_size__n1600,1,exact_dp,overlap,exact_dense,fast_dense,ok,ok,True,2.884628882020479,0.051000439998460934,56.56086265348946,48.77264256065821,17.265745808170948,22.0,22.0,0.0,0,True,same exact objective
dense_overlap_size,size,n1600,nodes_per_tree,1600,dense_overlap_size__n1600,2,exact_dp,overlap,exact_dense,fast_dense,ok,ok,True,2.9440200999961235,0.048939138010609895,60.156762453761786,51.941299011487715,18.404016186769397,22.0,22.0,0.0,0,True,same exact objective
dense_overlap_size,size,n2400,nodes_per_tree,2400,dense_overlap_size__n2400,0,exact_dp,overlap,exact_dense,fast_dense,ok,ok,True,6.439217754988931,0.11006620500120334,58.503132318576185,52.882007193994234,29.25812690751937,23.0,23.0,0.0,0,True,same exact objective
dense_overlap_size,size,n2400,nodes_per_tree,2400,dense_overlap_size__n2400,1,exact_dp,overlap,exact_dense,fast_dense,ok,ok,True,6.3185066010046285,0.1094737559906207,57.71708976118417,52.17939727188345,29.47742442259243,23.0,23.0,0.0,0,True,same exact objective
dense_overlap_size,size,n2400,nodes_per_tree,2400,dense_overlap_size__n2400,2,exact_dp,overlap,exact_dense,fast_dense,ok,ok,True,6.26914369998849,0.11407190599129535,54.95782371223707,49.69108307172907,26.65374285691102,23.0,23.0,0.0,0,True,same exact objective
partial_beam_implementation_rare_anchor,size,n800,nodes_per_tree,800,partial_beam_implementation_rare_anchor__n800,0,exact_dp,equality,exact_dense,fast_dense,ok,ok,True,0.18820420501288027,0.0022642149997409433,83.12117225370089,61.63856946690577,1.9317871568060654,14066.126953125,14066.126953125,0.0,0,True,same exact objective
partial_beam_implementation_rare_anchor,size,n800,nodes_per_tree,800,partial_beam_implementation_rare_anchor__n800,0,partial_beam,equality,beam_partial_score,fast_beam_partial,ok,ok,True,0.20598667400190607,0.004977806995157152,41.38100858516772,26.06700336243374,1.9558412011797777,14003.681792830508,14003.681792855263,2.475462679285556e-08,0,True,observed score agreement is not beam optimality; compare identical budgets
partial_beam_implementation_rare_anchor,size,n800,nodes_per_tree,800,partial_beam_implementation_rare_anchor__n800,1,exact_dp,equality,exact_dense,fast_dense,ok,ok,True,0.18630422800197266,0.0020317120070103556,91.69814784730121,66.16973989245274,1.8854073735753145,14042.8955078125,14042.8955078125,0.0,0,True,same exact objective
partial_beam_implementation_rare_anchor,size,n800,nodes_per_tree,800,partial_beam_implementation_rare_anchor__n800,1,partial_beam,equality,beam_partial_score,fast_beam_partial,ok,ok,True,0.20829680099268444,0.003756119986064732,55.45531073700229,31.480073346815118,2.0692221415546004,14000.0,14000.0,0.0,0,True,observed score agreement is not beam optimality; compare identical budgets
partial_beam_implementation_rare_anchor,size,n800,nodes_per_tree,800,partial_beam_implementation_rare_anchor__n800,2,exact_dp,equality,exact_dense,fast_dense,ok,ok,True,0.1826387490145862,0.002164012985303998,84.39817609917407,61.16066955039509,1.7938972603700658,14050.296875,14050.296875,0.0,0,True,same exact objective
partial_beam_implementation_rare_anchor,size,n800,nodes_per_tree,800,partial_beam_implementation_rare_anchor__n800,2,partial_beam,equality,beam_partial_score,fast_beam_partial,ok,ok,True,0.25403417300549336,0.005887167993932962,43.15048819182483,28.52458218415136,2.4036433872110488,14000.0,14000.0,0.0,0,True,observed score agreement is not beam optimality; compare identical budgets
partial_beam_implementation_rare_anchor,size,n1300,nodes_per_tree,1300,partial_beam_implementation_rare_anchor__n1300,0,exact_dp,equality,exact_dense,fast_dense,ok,ok,True,0.4961825950013008,0.006950854993192479,71.38439738524995,60.13184923792635,4.541019367939884,14095.783203125,14095.783203125,0.0,0,True,same exact objective
partial_beam_implementation_rare_anchor,size,n1300,nodes_per_tree,1300,partial_beam_implementation_rare_anchor__n1300,0,partial_beam,equality,beam_partial_score,fast_beam_partial,ok,ok,True,0.25313722898135893,0.00516401999630034,49.019413008221136,25.252283400172118,2.3878160563110926,14004.681792830508,14004.681792855263,2.475462679285556e-08,0,True,observed score agreement is not beam optimality; compare identical budgets
partial_beam_implementation_rare_anchor,size,n1300,nodes_per_tree,1300,partial_beam_implementation_rare_anchor__n1300,1,exact_dp,equality,exact_dense,fast_dense,ok,ok,True,0.4921487009851262,0.006374365999363363,77.20747459971382,64.23020223755336,4.528968028083148,14072.685546875,14072.685546875,0.0,0,True,same exact objective
partial_beam_implementation_rare_anchor,size,n1300,nodes_per_tree,1300,partial_beam_implementation_rare_anchor__n1300,1,partial_beam,equality,beam_partial_score,fast_beam_partial,ok,ok,True,0.2174802380031906,0.004314670019084588,50.4048367641639,24.273601942307234,2.1427263575068403,14004.279507056955,14004.279507160187,1.0323128663003445e-07,0,True,observed score agreement is not beam optimality; compare identical budgets
partial_beam_implementation_rare_anchor,size,n1300,nodes_per_tree,1300,partial_beam_implementation_rare_anchor__n1300,2,exact_dp,equality,exact_dense,fast_dense,ok,ok,True,0.49425394099671394,0.006494728004327044,76.10079139071297,63.50911201585221,4.614605236218122,14048.6796875,14048.6796875,0.0,0,True,same exact objective
partial_beam_implementation_rare_anchor,size,n1300,nodes_per_tree,1300,partial_beam_implementation_rare_anchor__n1300,2,partial_beam,equality,beam_partial_score,fast_beam_partial,ok,ok,True,0.23202241901890375,0.00392927200300619,59.04972189285676,27.009179810841616,2.270886804743885,14007.196152422706,14007.196152210236,2.1247069525998086e-07,0,True,observed score agreement is not beam optimality; compare identical budgets
partial_beam_implementation_rare_anchor,size,n2000,nodes_per_tree,2000,partial_beam_implementation_rare_anchor__n2000,0,exact_dp,equality,exact_dense,fast_dense,ok,ok,True,1.1425306930032093,0.01745265701902099,65.46457033780062,58.79984761838801,9.117935810341061,14110.021484375,14110.021484375,0.0,0,True,same exact objective
partial_beam_implementation_rare_anchor,size,n2000,nodes_per_tree,2000,partial_beam_implementation_rare_anchor__n2000,0,partial_beam,equality,beam_partial_score,fast_beam_partial,ok,ok,True,0.2831944710051175,0.005209191993344575,54.36437577400402,23.0227980416708,2.596269446956939,14003.363585661016,14003.363585710526,4.950925358571112e-08,0,True,observed score agreement is not beam optimality; compare identical budgets
partial_beam_implementation_rare_anchor,size,n2000,nodes_per_tree,2000,partial_beam_implementation_rare_anchor__n2000,1,exact_dp,equality,exact_dense,fast_dense,ok,ok,True,1.1362553449871484,0.014958746003685519,75.95926454712173,67.1740002687029,9.212857045086148,14115.630859375,14115.630859375,0.0,0,True,same exact objective
partial_beam_implementation_rare_anchor,size,n2000,nodes_per_tree,2000,partial_beam_implementation_rare_anchor__n2000,1,partial_beam,equality,beam_partial_score,fast_beam_partial,ok,ok,True,0.27530281100189313,0.005377524998039007,51.19507786617195,22.028591940039757,2.6213559600950185,14006.0,14006.0,0.0,0,True,observed score agreement is not beam optimality; compare identical budgets
partial_beam_implementation_rare_anchor,size,n2000,nodes_per_tree,2000,partial_beam_implementation_rare_anchor__n2000,2,exact_dp,equality,exact_dense,fast_dense,ok,ok,True,1.161640031990828,0.016990623000310734,68.3694783863772,60.97288417676257,9.267532129947108,14063.1123046875,14063.1123046875,0.0,0,True,same exact objective
partial_beam_implementation_rare_anchor,size,n2000,nodes_per_tree,2000,partial_beam_implementation_rare_anchor__n2000,2,partial_beam,equality,beam_partial_score,fast_beam_partial,ok,ok,True,0.33423753298120573,0.005895513982977718,56.69353578776322,24.945820018359672,2.9795485188690134,14000.0,14000.0,0.0,0,True,observed score agreement is not beam optimality; compare identical budgets
partial_beam_implementation_rare_anchor,size,n3000,nodes_per_tree,3000,partial_beam_implementation_rare_anchor__n3000,0,exact_dp,equality,exact_dense,fast_dense,ok,ok,True,2.592740965017583,0.05167893000179902,50.17017505833279,47.37670838255301,16.384899537870634,14111.16015625,14111.16015625,0.0,0,True,same exact objective
partial_beam_implementation_rare_anchor,size,n3000,nodes_per_tree,3000,partial_beam_implementation_rare_anchor__n3000,0,partial_beam,equality,beam_partial_score,fast_beam_partial,ok,ok,True,0.358947717002593,0.005803028994705528,61.855234107926016,21.29178419004819,3.172289245425787,14000.0,14000.0,0.0,0,True,observed score agreement is not beam optimality; compare identical budgets
partial_beam_implementation_rare_anchor,size,n3000,nodes_per_tree,3000,partial_beam_implementation_rare_anchor__n3000,1,exact_dp,equality,exact_dense,fast_dense,ok,ok,True,2.6560449569951743,0.05118379200575873,51.89230521834608,49.094938630183115,17.17199623916754,14144.72265625,14144.72265625,0.0,0,True,same exact objective
partial_beam_implementation_rare_anchor,size,n3000,nodes_per_tree,3000,partial_beam_implementation_rare_anchor__n3000,1,partial_beam,equality,beam_partial_score,fast_beam_partial,ok,ok,True,0.3063446680025663,0.004941071005305275,61.999648997887526,19.203957062477265,2.748583355207408,14000.0,14000.0,0.0,0,True,observed score agreement is not beam optimality; compare identical budgets
partial_beam_implementation_rare_anchor,size,n3000,nodes_per_tree,3000,partial_beam_implementation_rare_anchor__n3000,2,exact_dp,equality,exact_dense,fast_dense,ok,ok,True,2.6411725969810504,0.05308545398293063,49.75322614421469,47.16434229782146,17.07520443593813,14047.7919921875,14047.7919921875,0.0,0,True,same exact objective
partial_beam_implementation_rare_anchor,size,n3000,nodes_per_tree,3000,partial_beam_implementation_rare_anchor__n3000,2,partial_beam,equality,beam_partial_score,fast_beam_partial,ok,ok,True,0.3734016419912223,0.004682683997089043,79.74094391663941,23.610540343433808,3.2853739211115984,14000.0,14000.0,0.0,0,True,observed score agreement is not beam optimality; compare identical budgets
partial_beam_implementation_rare_anchor,size,n5000,nodes_per_tree,5000,partial_beam_implementation_rare_anchor__n5000,0,exact_dp,equality,exact_dense,fast_dense,ok,ok,True,7.1880123050068505,0.16537626599892974,43.46459427892373,42.26673522549861,26.051837667890773,14050.521484375,14050.521484375,0.0,0,True,same exact objective
partial_beam_implementation_rare_anchor,size,n5000,nodes_per_tree,5000,partial_beam_implementation_rare_anchor__n5000,0,partial_beam,equality,beam_partial_score,fast_beam_partial,ok,ok,True,0.31148590400698595,0.004459885007236153,69.84168952822793,7.588142044873961,2.5747646016734285,14007.621991222319,14007.621991157532,6.478694558609277e-08,0,True,observed score agreement is not beam optimality; compare identical budgets
partial_beam_implementation_rare_anchor,size,n5000,nodes_per_tree,5000,partial_beam_implementation_rare_anchor__n5000,1,exact_dp,equality,exact_dense,fast_dense,ok,ok,True,7.255473091994645,0.164497264981037,44.10695273767041,42.82100030235587,25.429039415825468,14110.26953125,14110.26953125,0.0,0,True,same exact objective
partial_beam_implementation_rare_anchor,size,n5000,nodes_per_tree,5000,partial_beam_implementation_rare_anchor__n5000,1,partial_beam,equality,beam_partial_score,fast_beam_partial,ok,ok,True,0.35397005497361533,0.00487972199334763,72.53897977306319,8.542083827550556,2.925022218908514,14000.0,14000.0,0.0,0,True,observed score agreement is not beam optimality; compare identical budgets
partial_beam_implementation_rare_anchor,size,n5000,nodes_per_tree,5000,partial_beam_implementation_rare_anchor__n5000,2,exact_dp,equality,exact_dense,fast_dense,ok,ok,True,7.268330746999709,0.14419813998392783,50.40516297789853,48.71223965212342,29.27595714296999,14188.744140625,14188.744140625,0.0,0,True,same exact objective
partial_beam_implementation_rare_anchor,size,n5000,nodes_per_tree,5000,partial_beam_implementation_rare_anchor__n5000,2,partial_beam,equality,beam_partial_score,fast_beam_partial,ok,ok,True,0.3679175290162675,0.005790755007183179,63.535329773040274,8.48182508617851,3.0864962468147854,14000.0,14000.0,0.0,0,True,observed score agreement is not beam optimality; compare identical budgets
