sweep_name,sweep_kind,base_regime,sweep_point,sweep_x_name,sweep_x_value,regime,regime_order,expected_algorithm,oracle_valid_instances,exact_disagreement_instances,observed_fastest_eligible,observed_fastest_warm_eligible,observed_fastest_setup_plus_warm_eligible,observed_best_warm_accuracy_harmonic,quality_floor,algorithm,algorithm_config_index,total_instances,successful_instances,skipped_instances,timeout_instances,error_instances,complete_coverage,oracle_scored_instances,complete_accuracy_coverage,median_predict_seconds,q25_predict_seconds,q75_predict_seconds,median_setup_plus_warm_search_seconds,q25_setup_plus_warm_search_seconds,q75_setup_plus_warm_search_seconds,median_cold_predict_seconds,median_cold_setup_plus_predict_seconds,median_fresh_process_total_seconds,median_peak_rss_mib,median_accuracy_score,min_accuracy_score,median_accuracy_percent,median_score_ratio,min_score_ratio,median_warm_timing_score,median_setup_timing_score,median_warm_accuracy_harmonic_score,median_setup_accuracy_harmonic_score,quality_basis,median_quality,min_quality,quality_eligible
dense_overlap_size,size,dense_common_overlap,n300,nodes_per_tree,300,dense_overlap_size__n300,0,fast_dense,3,0,fast_dense,fast_dense,fast_dense,fast_dense,0.99,exact_dense,0,3,3,0,0,0,True,3,True,0.0981587759742979,0.09807578499021474,0.09983095548523124,0.09815966797759756,0.09807674599869642,0.09983186599856708,0.10074702199199237,0.10074926298693754,0.8272429909848142,132.59765625,1.0,1.0,100.0,1.0,1.0,0.019724399044896007,0.03565915497128666,0.03868574501771353,0.06886272341651883,exact_optimal_score,1.0,1.0,True
dense_overlap_size,size,dense_common_overlap,n300,nodes_per_tree,300,dense_overlap_size__n300,0,fast_dense,3,0,fast_dense,fast_dense,fast_dense,fast_dense,0.99,fast_dense,1,3,3,0,0,0,True,3,True,0.0019328489725012332,0.0018955439882120118,0.001957310480065644,0.003494376956950873,0.0034217539796372876,0.0035234684619354084,0.09969958799774759,0.10133576398948207,0.3826020980195608,191.41796875,1.0,1.0,100.0,1.0,1.0,1.0,1.0,1.0,1.0,exact_optimal_score,1.0,1.0,True
dense_overlap_size,size,dense_common_overlap,n600,nodes_per_tree,600,dense_overlap_size__n600,0,fast_dense,3,0,fast_dense,fast_dense,fast_dense,fast_dense,0.99,exact_dense,0,3,3,0,0,0,True,3,True,0.40825271900394,0.40474204150086734,0.41074571950593963,0.4082541200041305,0.4047436900000321,0.4107471530151088,0.4100534979952499,0.4100561389932409,2.7033025640121195,135.515625,1.0,1.0,100.0,1.0,1.0,0.017771225239005484,0.025113689088209813,0.03492184647847993,0.048996885624554,exact_optimal_score,1.0,1.0,True
dense_overlap_size,size,dense_common_overlap,n600,nodes_per_tree,600,dense_overlap_size__n600,0,fast_dense,3,0,fast_dense,fast_dense,fast_dense,fast_dense,0.99,fast_dense,1,3,3,0,0,0,True,3,True,0.007255151023855433,0.0071902160125318915,0.007360691015492193,0.010252767038764432,0.010199353520874865,0.010388145528850146,0.10134992399252951,0.10448927400284447,0.4095170619839337,192.72265625,1.0,1.0,100.0,1.0,1.0,1.0,1.0,1.0,1.0,exact_optimal_score,1.0,1.0,True
dense_overlap_size,size,dense_common_overlap,n1000,nodes_per_tree,1000,dense_overlap_size__n1000,0,fast_dense,3,0,fast_dense,fast_dense,fast_dense,fast_dense,0.99,exact_dense,0,3,3,0,0,0,True,3,True,1.141469045978738,1.1266787474887678,1.14979262748966,1.1414706969808321,1.1266805224877317,1.1497944294969784,1.1369446510216221,1.1369468020275235,7.140181383001618,139.86328125,1.0,1.0,100.0,1.0,1.0,0.017460823742477267,0.021852299559709857,0.03432235096433877,0.04276997677477549,exact_optimal_score,1.0,1.0,True
dense_overlap_size,size,dense_common_overlap,n1000,nodes_per_tree,1000,dense_overlap_size__n1000,0,fast_dense,3,0,fast_dense,fast_dense,fast_dense,fast_dense,0.99,fast_dense,1,3,3,0,0,0,True,3,True,0.02017256000544876,0.019783192503382452,0.02019711150205694,0.025228032027371228,0.02479331151698716,0.02526778851461131,0.11985005799215287,0.12510182897676714,0.5083234389894642,195.87890625,1.0,1.0,100.0,1.0,1.0,1.0,1.0,1.0,1.0,exact_optimal_score,1.0,1.0,True
dense_overlap_size,size,dense_common_overlap,n1600,nodes_per_tree,1600,dense_overlap_size__n1600,0,fast_dense,3,0,fast_dense,fast_dense,fast_dense,fast_dense,0.99,exact_dense,0,3,3,0,0,0,True,3,True,2.884628882020479,2.8322536070190836,2.9143244910083013,2.8846308270003647,2.832255448505748,2.9143265299935592,2.881166952982312,2.8811692359740846,17.49196558998665,153.34375,1.0,1.0,100.0,1.0,1.0,0.01768006980597751,0.02050329749421116,0.03474583089624276,0.040182716791912106,exact_optimal_score,1.0,1.0,True
dense_overlap_size,size,dense_common_overlap,n1600,nodes_per_tree,1600,dense_overlap_size__n1600,0,fast_dense,3,0,fast_dense,fast_dense,fast_dense,fast_dense,0.99,fast_dense,1,3,3,0,0,0,True,3,True,0.050548714003525674,0.049743926007067785,0.050774577000993304,0.05866579001303762,0.05767279301653616,0.05890511700999923,0.15293565799947828,0.16134279398829676,0.7027230680105276,203.71484375,1.0,1.0,100.0,1.0,1.0,1.0,1.0,1.0,1.0,exact_optimal_score,1.0,1.0,True
dense_overlap_size,size,dense_common_overlap,n2400,nodes_per_tree,2400,dense_overlap_size__n2400,0,fast_dense,3,0,fast_dense,fast_dense,fast_dense,fast_dense,0.99,exact_dense,0,3,3,0,0,0,True,3,True,6.3185066010046285,6.293825150496559,6.37886217799678,6.318508408992784,6.293827079993207,6.378864133992465,6.612118696997641,6.612120755016804,39.24023602201487,181.15234375,1.0,1.0,100.0,1.0,1.0,0.017325890895360404,0.019164652186177012,0.03406163364251289,0.03760854960004262,exact_optimal_score,1.0,1.0,True
dense_overlap_size,size,dense_common_overlap,n2400,nodes_per_tree,2400,dense_overlap_size__n2400,0,fast_dense,3,0,fast_dense,fast_dense,fast_dense,fast_dense,0.99,fast_dense,1,3,3,0,0,0,True,3,True,0.11006620500120334,0.10976998049591202,0.11206905549624935,0.12176579900551587,0.12142890749964863,0.12396409398934338,0.2136650039756205,0.22599261996219866,1.0708198299980722,219.27734375,1.0,1.0,100.0,1.0,1.0,1.0,1.0,1.0,1.0,exact_optimal_score,1.0,1.0,True
partial_beam_implementation_rare_anchor,size,rare_anchor_oracle,n800,nodes_per_tree,800,partial_beam_implementation_rare_anchor__n800,0,fast_dense,3,0,fast_dense,fast_dense,fast_dense,fast_dense,0.99,exact_dense,0,3,3,0,0,0,True,3,True,0.18630422800197266,0.18447148850827944,0.18725421650742646,0.1863054679997731,0.1844728300056886,0.18725544451444875,0.1836393580015283,0.18364142900099978,1.3615167160169221,137.015625,1.0,1.0,100.0,1.0,1.0,0.011848597282776898,0.01622360818313455,0.023419703925261503,0.03192920938363179,exact_optimal_score,1.0,1.0,True
partial_beam_implementation_rare_anchor,size,rare_anchor_oracle,n800,nodes_per_tree,800,partial_beam_implementation_rare_anchor__n800,0,fast_dense,3,0,fast_dense,fast_dense,fast_dense,fast_dense,0.99,fast_dense,1,3,3,0,0,0,True,3,True,0.002164012985303998,0.002097862496157177,0.0022141139925224707,0.0029862359806429595,0.0029009024874540046,0.003019803494680673,0.09700532100396231,0.09782720799557865,0.3725370420143008,194.1875,1.0,1.0,100.0,1.0,1.0,1.0,1.0,1.0,1.0,exact_optimal_score,1.0,1.0,True
partial_beam_implementation_rare_anchor,size,rare_anchor_oracle,n800,nodes_per_tree,800,partial_beam_implementation_rare_anchor__n800,0,fast_dense,3,0,fast_dense,fast_dense,fast_dense,fast_dense,0.99,beam_partial_score,2,3,3,0,0,0,True,3,True,0.20829680099268444,0.20714173749729525,0.2311654869990889,0.20829797798069194,0.20714292548655067,0.23116687100264244,0.20825702999718487,0.20825930300634354,1.4906418289756402,137.015625,0.9964202268857754,0.9955606002631294,99.64202268857754,0.9964202268857754,0.9955606002631294,0.00975392803599375,0.01351702508857785,0.01931884409986288,0.02667241383377768,exact_optimal_score,0.9964202268857754,0.9955606002631294,True
partial_beam_implementation_rare_anchor,size,rare_anchor_oracle,n800,nodes_per_tree,800,partial_beam_implementation_rare_anchor__n800,0,fast_dense,3,0,fast_dense,fast_dense,fast_dense,fast_dense,0.99,fast_beam_partial,3,3,3,0,0,0,True,3,True,0.004977806995157152,0.004366963490610942,0.005432487494545057,0.007902245997684076,0.00725953298388049,0.008404049993259832,0.10277853900333866,0.10589748102938756,0.4095580660214182,193.16015625,0.9964202268857754,0.9955606002648892,99.64202268857754,0.9964202268857754,0.9955606002648892,0.45486195064287754,0.3863928065025111,0.624428565780729,0.5567155194899,exact_optimal_score,0.9964202268857754,0.9955606002648892,True
partial_beam_implementation_rare_anchor,size,rare_anchor_oracle,n1300,nodes_per_tree,1300,partial_beam_implementation_rare_anchor__n1300,0,fast_dense,3,0,fast_beam_partial,fast_beam_partial,fast_dense,fast_beam_partial,0.99,exact_dense,0,3,3,0,0,0,True,3,True,0.49425394099671394,0.49320132099092007,0.49521826799900737,0.49425560000236146,0.4932030819909414,0.49521999349235557,0.49038890199153684,0.49039116597850807,3.21359869101434,145.796875,1.0,1.0,100.0,1.0,1.0,0.008767004790316385,0.015745772035836287,0.017381624792810718,0.031003372043139087,exact_optimal_score,1.0,1.0,True
partial_beam_implementation_rare_anchor,size,rare_anchor_oracle,n1300,nodes_per_tree,1300,partial_beam_implementation_rare_anchor__n1300,0,fast_dense,3,0,fast_beam_partial,fast_beam_partial,fast_dense,fast_beam_partial,0.99,fast_dense,1,3,3,0,0,0,True,3,True,0.006494728004327044,0.006434547001845203,0.0067227914987597615,0.007782436005072668,0.007722363996435888,0.008017021493287757,0.1066113349806983,0.10799142796895467,0.41134623799007386,199.34375,1.0,1.0,100.0,1.0,1.0,0.6768782996639217,1.0,0.8073076022268056,1.0,exact_optimal_score,1.0,1.0,True
partial_beam_implementation_rare_anchor,size,rare_anchor_oracle,n1300,nodes_per_tree,1300,partial_beam_implementation_rare_anchor__n1300,0,fast_dense,3,0,fast_beam_partial,fast_beam_partial,fast_dense,fast_beam_partial,0.99,beam_partial_score,2,3,3,0,0,0,True,3,True,0.23202241901890375,0.22475132851104718,0.24257982400013134,0.23202379103167914,0.22475264401873574,0.24258120101876557,0.23146556300343946,0.23146802201517858,1.6312015670118853,137.61328125,0.9951390912850152,0.9935369742155019,99.51390912850152,0.9951390912850152,0.9935369742155019,0.019839365906070456,0.03354154317739814,0.0389031479822255,0.0648998000103609,exact_optimal_score,0.9951390912850152,0.9935369742155019,True
partial_beam_implementation_rare_anchor,size,rare_anchor_oracle,n1300,nodes_per_tree,1300,partial_beam_implementation_rare_anchor__n1300,0,fast_dense,3,0,fast_beam_partial,fast_beam_partial,fast_dense,fast_beam_partial,0.99,fast_beam_partial,3,3,3,0,0,0,True,3,True,0.004314670019084588,0.004121971011045389,0.004739345007692464,0.008959589002188295,0.008775071008130908,0.00949198700254783,0.09730777799268253,0.10217612399719656,0.39435073200729676,193.3203125,0.9951390912923508,0.9935369742172581,99.51390912923507,0.9951390912923508,0.9935369742172581,1.0,0.8552057450322403,0.9975636241458732,0.9198811500129361,exact_optimal_score,0.9951390912923508,0.9935369742172581,True
partial_beam_implementation_rare_anchor,size,rare_anchor_oracle,n2000,nodes_per_tree,2000,partial_beam_implementation_rare_anchor__n2000,0,fast_dense,3,0,fast_beam_partial,fast_beam_partial,fast_beam_partial,fast_beam_partial,0.99,exact_dense,0,3,3,0,0,0,True,3,True,1.1425306930032093,1.1393930189951789,1.1520853624970187,1.1425321960123256,1.1393946729949676,1.1520872069959296,1.1336181499937084,1.1336201759695541,7.1536693859961815,165.42578125,1.0,1.0,100.0,1.0,1.0,0.0047326730050276065,0.01099891514635082,0.009420760630532266,0.021758510284372822,exact_optimal_score,1.0,1.0,True
partial_beam_implementation_rare_anchor,size,rare_anchor_oracle,n2000,nodes_per_tree,2000,partial_beam_implementation_rare_anchor__n2000,0,fast_dense,3,0,fast_beam_partial,fast_beam_partial,fast_beam_partial,fast_beam_partial,0.99,fast_dense,1,3,3,0,0,0,True,3,True,0.016990623000310734,0.015974684501998127,0.01722164000966586,0.01905178398010321,0.01798345849965699,0.01924132699787151,0.12232319300528616,0.12432859800173901,0.48795695198350586,210.20703125,1.0,1.0,100.0,1.0,1.0,0.34698633374832094,0.703272196860749,0.5152039409082141,0.825789557484622,exact_optimal_score,1.0,1.0,True
partial_beam_implementation_rare_anchor,size,rare_anchor_oracle,n2000,nodes_per_tree,2000,partial_beam_implementation_rare_anchor__n2000,0,fast_dense,3,0,fast_beam_partial,fast_beam_partial,fast_beam_partial,fast_beam_partial,0.99,beam_partial_score,2,3,3,0,0,0,True,3,True,0.2831944710051175,0.2792486410035053,0.3087160019931616,0.28319586400175467,0.2792501530057052,0.308717338994029,0.27832193399081007,0.27832386098452844,1.9137113000033423,137.80078125,0.992440982543358,0.9922333716100129,99.2440982543358,0.992440982543358,0.9922333716100129,0.018394398643645983,0.04343520705823941,0.036119343273792674,0.0832278606315537,exact_optimal_score,0.992440982543358,0.9922333716100129,True
partial_beam_implementation_rare_anchor,size,rare_anchor_oracle,n2000,nodes_per_tree,2000,partial_beam_implementation_rare_anchor__n2000,0,fast_dense,3,0,fast_beam_partial,fast_beam_partial,fast_beam_partial,fast_beam_partial,0.99,fast_beam_partial,3,3,3,0,0,0,True,3,True,0.005377524998039007,0.005293358495691791,0.005636519490508363,0.012497595977038145,0.012399133483995683,0.012948092975420877,0.09873234701808542,0.10617553099291399,0.408286213001702,193.5390625,0.9924409825468669,0.9922333716100129,99.24409825468669,0.9924409825468669,0.9922333716100129,1.0,1.0,0.9962061523932967,0.9962061523932967,exact_optimal_score,0.9924409825468669,0.9922333716100129,True
partial_beam_implementation_rare_anchor,size,rare_anchor_oracle,n3000,nodes_per_tree,3000,partial_beam_implementation_rare_anchor__n3000,0,fast_dense,3,0,fast_dense,fast_dense,fast_dense,fast_beam_partial,0.99,exact_dense,0,3,3,0,0,0,True,3,True,2.6411725969810504,2.616956780999317,2.6486087769881124,2.6411748209793586,2.616959124497953,2.648610900985659,2.6222377750091255,2.622239811986219,16.196720748004736,208.37890625,1.0,1.0,100.0,1.0,1.0,0.0018603115102747308,0.006006006337464383,0.0037137143549890034,0.011940299162487646,exact_optimal_score,1.0,1.0,True
partial_beam_implementation_rare_anchor,size,rare_anchor_oracle,n3000,nodes_per_tree,3000,partial_beam_implementation_rare_anchor__n3000,0,fast_dense,3,0,fast_dense,fast_dense,fast_dense,fast_beam_partial,0.99,fast_dense,1,3,3,0,0,0,True,3,True,0.05167893000179902,0.051431361003778875,0.052382191992364824,0.05472611999721266,0.05441317000077106,0.055362759478157386,0.15159550899988972,0.15450521098682657,0.6915608549898025,233.6484375,1.0,1.0,100.0,1.0,1.0,0.0965358526923787,0.2948645125503047,0.17607422950257293,0.45543685797605704,exact_optimal_score,1.0,1.0,True
partial_beam_implementation_rare_anchor,size,rare_anchor_oracle,n3000,nodes_per_tree,3000,partial_beam_implementation_rare_anchor__n3000,0,fast_dense,3,0,fast_dense,fast_dense,fast_dense,fast_beam_partial,0.99,beam_partial_score,2,3,3,0,0,0,True,3,True,0.358947717002593,0.33264619250257965,0.36617467949690763,0.35894922600709833,0.3326476310030557,0.36617622400808614,0.35939659501309507,0.3593987270141952,2.394094107003184,138.17578125,0.9921225359914319,0.9897684345061335,99.21225359914318,0.9921225359914319,0.9897684345061335,0.01612912357026525,0.04696647265790912,0.031741000379056354,0.08968720787549367,exact_optimal_score,0.9921225359914319,0.9897684345061335,False
partial_beam_implementation_rare_anchor,size,rare_anchor_oracle,n3000,nodes_per_tree,3000,partial_beam_implementation_rare_anchor__n3000,0,fast_dense,3,0,fast_dense,fast_dense,fast_dense,fast_beam_partial,0.99,fast_beam_partial,3,3,3,0,0,0,True,3,True,0.004941071005305275,0.004811877501197159,0.005372050000005402,0.01595223500044085,0.01588367100339383,0.016405407004640438,0.10119323100661859,0.11258788401028141,0.42538973499904387,193.8984375,0.9921225359914319,0.9897684345061335,99.21225359914318,0.9921225359914319,0.9897684345061335,1.0,1.0,0.9960456930403392,0.9960456930403392,exact_optimal_score,0.9921225359914319,0.9897684345061335,False
partial_beam_implementation_rare_anchor,size,rare_anchor_oracle,n5000,nodes_per_tree,5000,partial_beam_implementation_rare_anchor__n5000,0,fast_dense,3,0,fast_dense,fast_dense,fast_dense,fast_beam_partial,0.99,exact_dense,0,3,3,0,0,0,True,3,True,7.255473091994645,7.221742698500748,7.261901919497177,7.255475273006596,7.221745062008267,7.261903948499821,7.263372985995375,7.263375098002143,43.790669217996765,346.234375,1.0,1.0,100.0,1.0,1.0,0.0006725573827476102,0.005711350175310646,0.0013442107066604877,0.011357831796002048,exact_optimal_score,1.0,1.0,True
partial_beam_implementation_rare_anchor,size,rare_anchor_oracle,n5000,nodes_per_tree,5000,partial_beam_implementation_rare_anchor__n5000,0,fast_dense,3,0,fast_dense,fast_dense,fast_dense,fast_beam_partial,0.99,fast_dense,1,3,3,0,0,0,True,3,True,0.164497264981037,0.15434770248248242,0.16493676548998337,0.16943731397623196,0.1593234449828742,0.1697502404858824,0.2739631019940134,0.278804711997509,1.3867657220107503,310.1875,1.0,1.0,100.0,1.0,1.0,0.029664456694220156,0.2445657275838374,0.05761965755224592,0.39301375919876885,exact_optimal_score,1.0,1.0,True
partial_beam_implementation_rare_anchor,size,rare_anchor_oracle,n5000,nodes_per_tree,5000,partial_beam_implementation_rare_anchor__n5000,0,fast_dense,3,0,fast_dense,fast_dense,fast_dense,fast_beam_partial,0.99,beam_partial_score,2,3,3,0,0,0,True,3,True,0.35397005497361533,0.33272797949030064,0.3609437919949414,0.3539716529776342,0.3327296494971961,0.36094528099056333,0.353227004990913,0.3532291610026732,2.371791490004398,138.55078125,0.992185157696259,0.9866976147603796,99.21851576962591,0.992185157696259,0.9866976147603796,0.014318095778536826,0.11789915375990741,0.02823074314500799,0.21063037139426746,exact_optimal_score,0.992185157696259,0.9866976147603796,False
partial_beam_implementation_rare_anchor,size,rare_anchor_oracle,n5000,nodes_per_tree,5000,partial_beam_implementation_rare_anchor__n5000,0,fast_dense,3,0,fast_dense,fast_dense,fast_dense,fast_beam_partial,0.99,fast_beam_partial,3,3,3,0,0,0,True,3,True,0.00487972199334763,0.004669803500291891,0.005335238500265405,0.041438559972448274,0.041243911982746795,0.042407943998114206,0.10175908199744299,0.12076118899858557,0.46564031901652925,194.57421875,0.992185157696259,0.9866976147603796,99.21851576962591,0.992185157696259,0.9866976147603796,1.0,1.0,0.996077251015775,0.996077251015775,exact_optimal_score,0.992185157696259,0.9866976147603796,False
